city,archetype,scenario,parameter,direction,T_SET,RH_MAX,G_MIN,WATER_FLOW_LPM,PUMP_POWER_W,PV_AREA_M2,misting_hours_h,water_use_L_per_module,pv_energy_Wh_scaled,load_energy_Wh_per_module,autonomy_ratio
Adana-Incirlik.AB,Temperate / Windy Coastal,Baseline,Baseline,baseline,32.0,65.0,200.0,2.0,250.0,1.0,529.0,19799.05384615385,87491.79615305585,45894.028846153844,1.9063873526193618
Adana-Incirlik.AB,Temperate / Windy Coastal,Tset_minus10pct,Tset,-10%,28.8,65.0,200.0,2.0,250.0,1.0,690.0,30600.899999999998,87491.79615305585,69363.875,1.2613452773948377
Adana-Incirlik.AB,Temperate / Windy Coastal,Tset_plus10pct,Tset,+10%,35.2,65.0,200.0,2.0,250.0,1.0,88.0,3309.4096153846144,87491.79615305585,8894.603365384613,9.836503389634013
Adana-Incirlik.AB,Temperate / Windy Coastal,RHmax_minus10pct,RHmax,-10%,32.0,58.5,200.0,2.0,250.0,1.0,499.0,18074.60576923077,87491.79615305585,42121.42868589744,2.0771326824046863
Adana-Incirlik.AB,Temperate / Windy Coastal,RHmax_plus10pct,RHmax,+10%,32.0,71.5,200.0,2.0,250.0,1.0,530.0,20507.17395104895,87491.79615305585,47375.27906468532,1.8467816523802676
Adana-Incirlik.AB,Temperate / Windy Coastal,Gmin_minus10pct,Gmin,-10%,32.0,65.0,180.0,2.0,250.0,1.0,533.0,19939.407692307694,87491.79615305585,46210.432692307695,1.8933342766041652
Adana-Incirlik.AB,Temperate / Windy Coastal,Gmin_plus10pct,Gmin,+10%,32.0,65.0,220.00000000000003,2.0,250.0,1.0,521.0,19541.365384615387,87491.79615305585,45309.17788461539,1.9309950044969466
Adana-Incirlik.AB,Temperate / Windy Coastal,Flow_minus10pct,Water flow rate,-10%,32.0,65.0,200.0,1.8,250.0,1.0,529.0,17819.14846153846,87491.79615305585,45894.028846153844,1.9063873526193618
Adana-Incirlik.AB,Temperate / Windy Coastal,Flow_plus10pct,Water flow rate,+10%,32.0,65.0,200.0,2.2,250.0,1.0,529.0,21778.959230769233,87491.79615305585,45894.028846153844,1.9063873526193618
Adana-Incirlik.AB,Temperate / Windy Coastal,Pump_minus10pct,Pump power,-10%,32.0,65.0,200.0,2.0,225.0,1.0,529.0,19799.05384615385,87491.79615305585,41769.22596153847,2.0946472944846812
Adana-Incirlik.AB,Temperate / Windy Coastal,Pump_plus10pct,Pump power,+10%,32.0,65.0,200.0,2.0,275.0,1.0,529.0,19799.05384615385,87491.79615305585,50018.831730769234,1.7491771224083792
Adana-Incirlik.AB,Temperate / Windy Coastal,PVarea_minus10pct,PV area,-10%,32.0,65.0,200.0,2.0,250.0,0.9,529.0,19799.05384615385,78742.61653775028,45894.028846153844,1.715748617357426
Adana-Incirlik.AB,Temperate / Windy Coastal,PVarea_plus10pct,PV area,+10%,32.0,65.0,200.0,2.0,250.0,1.1,529.0,19799.05384615385,96240.97576836144,45894.028846153844,2.0970260878812983
Adana-Incirlik.AB,Temperate / Windy Coastal,PVarea_2m2,PV area design,2 m²,32.0,65.0,200.0,2.0,250.0,2.0,529.0,19799.05384615385,174983.5923061117,45894.028846153844,3.8127747052387235
Adana-Incirlik.AB,Temperate / Windy Coastal,PVarea_3m2,PV area design,3 m²,32.0,65.0,200.0,2.0,250.0,3.0,529.0,19799.05384615385,262475.38845916756,45894.028846153844,5.719162057858085
Adiyaman,Hot–Dry Inland,Baseline,Baseline,baseline,32.0,65.0,200.0,2.0,250.0,1.0,579.0,38733.5076923077,91005.72195330208,85640.80769230769,1.0626443678610504
Adiyaman,Hot–Dry Inland,Tset_minus10pct,Tset,-10%,28.8,65.0,200.0,2.0,250.0,1.0,674.0,53192.05384615385,91005.72195330208,116332.77884615384,0.7822878715349357
Adiyaman,Hot–Dry Inland,Tset_plus10pct,Tset,+10%,35.2,65.0,200.0,2.0,250.0,1.0,408.0,21281.57307692307,91005.72195330208,48256.61057692306,1.885870575353301
Adiyaman,Hot–Dry Inland,RHmax_minus10pct,RHmax,-10%,32.0,58.5,200.0,2.0,250.0,1.0,579.0,37821.85576923077,91005.72195330208,83741.53285256412,1.086745356256224
Adiyaman,Hot–Dry Inland,RHmax_plus10pct,RHmax,+10%,32.0,71.5,200.0,2.0,250.0,1.0,579.0,39479.40472027972,91005.72195330208,87194.75983391609,1.0437063205018846
Adiyaman,Hot–Dry Inland,Gmin_minus10pct,Gmin,-10%,32.0,65.0,180.0,2.0,250.0,1.0,581.0,38824.02115384616,91005.72195330208,85841.37740384616,1.0601614827912178
Adiyaman,Hot–Dry Inland,Gmin_plus10pct,Gmin,+10%,32.0,65.0,220.00000000000003,2.0,250.0,1.0,573.0,38430.450000000004,91005.72195330208,84973.4375,1.070990236840802
Adiyaman,Hot–Dry Inland,Flow_minus10pct,Water flow rate,-10%,32.0,65.0,200.0,1.8,250.0,1.0,579.0,34860.156923076924,91005.72195330208,85640.80769230769,1.0626443678610504
Adiyaman,Hot–Dry Inland,Flow_plus10pct,Water flow rate,+10%,32.0,65.0,200.0,2.2,250.0,1.0,579.0,42606.85846153846,91005.72195330208,85640.80769230769,1.0626443678610504
Adiyaman,Hot–Dry Inland,Pump_minus10pct,Pump power,-10%,32.0,65.0,200.0,2.0,225.0,1.0,579.0,38733.5076923077,91005.72195330208,77571.32692307694,1.1731876398549592
Adiyaman,Hot–Dry Inland,Pump_plus10pct,Pump power,+10%,32.0,65.0,200.0,2.0,275.0,1.0,579.0,38733.5076923077,91005.72195330208,93710.28846153847,0.9711390653829177
Adiyaman,Hot–Dry Inland,PVarea_minus10pct,PV area,-10%,32.0,65.0,200.0,2.0,250.0,0.9,579.0,38733.5076923077,81905.14975797187,85640.80769230769,0.9563799310749452
Adiyaman,Hot–Dry Inland,PVarea_plus10pct,PV area,+10%,32.0,65.0,200.0,2.0,250.0,1.1,579.0,38733.5076923077,100106.2941486323,85640.80769230769,1.1689088046471554
Adiyaman,Hot–Dry Inland,PVarea_2m2,PV area design,2 m²,32.0,65.0,200.0,2.0,250.0,2.0,579.0,38733.5076923077,182011.44390660417,85640.80769230769,2.125288735722101
Adiyaman,Hot–Dry Inland,PVarea_3m2,PV area design,3 m²,32.0,65.0,200.0,2.0,250.0,3.0,579.0,38733.5076923077,273017.16585990624,85640.80769230769,3.187933103583151
Agri,Semi-Arid Plateau,Baseline,Baseline,baseline,32.0,65.0,200.0,2.0,250.0,1.0,68.0,2354.2384615384617,89240.26614449108,6784.663461538462,13.15323400348222
Agri,Semi-Arid Plateau,Tset_minus10pct,Tset,-10%,28.8,65.0,200.0,2.0,250.0,1.0,270.0,11545.286538461538,89240.26614449108,27144.680288461535,3.287578457220757
Agri,Semi-Arid Plateau,Tset_plus10pct,Tset,+10%,35.2,65.0,200.0,2.0,250.0,1.0,0.0,0.0,89240.26614449108,1472.0,60.62518080468144
Agri,Semi-Arid Plateau,RHmax_minus10pct,RHmax,-10%,32.0,58.5,200.0,2.0,250.0,1.0,68.0,2329.778846153846,89240.26614449108,6733.70592948718,13.252771516751901
Agri,Semi-Arid Plateau,RHmax_plus10pct,RHmax,+10%,32.0,71.5,200.0,2.0,250.0,1.0,68.0,2374.2508741258744,89240.26614449108,6826.355987762238,13.072899553506161
Agri,Semi-Arid Plateau,Gmin_minus10pct,Gmin,-10%,32.0,65.0,180.0,2.0,250.0,1.0,68.0,2354.2384615384617,89240.26614449108,6784.663461538462,13.15323400348222
Agri,Semi-Arid Plateau,Gmin_plus10pct,Gmin,+10%,32.0,65.0,220.00000000000003,2.0,250.0,1.0,68.0,2354.2384615384617,89240.26614449108,6784.663461538462,13.15323400348222
Agri,Semi-Arid Plateau,Flow_minus10pct,Water flow rate,-10%,32.0,65.0,200.0,1.8,250.0,1.0,68.0,2118.8146153846155,89240.26614449108,6784.663461538462,13.15323400348222
Agri,Semi-Arid Plateau,Flow_plus10pct,Water flow rate,+10%,32.0,65.0,200.0,2.2,250.0,1.0,68.0,2589.662307692308,89240.26614449108,6784.663461538462,13.15323400348222
Agri,Semi-Arid Plateau,Pump_minus10pct,Pump power,-10%,32.0,65.0,200.0,2.0,225.0,1.0,68.0,2354.2384615384617,89240.26614449108,6294.197115384615,14.178181030645707
Agri,Semi-Arid Plateau,Pump_plus10pct,Pump power,+10%,32.0,65.0,200.0,2.0,275.0,1.0,68.0,2354.2384615384617,89240.26614449108,7275.129807692307,12.26648437944482
Agri,Semi-Arid Plateau,PVarea_minus10pct,PV area,-10%,32.0,65.0,200.0,2.0,250.0,0.9,68.0,2354.2384615384617,80316.23953004197,6784.663461538462,11.837910603133999
Agri,Semi-Arid Plateau,PVarea_plus10pct,PV area,+10%,32.0,65.0,200.0,2.0,250.0,1.1,68.0,2354.2384615384617,98164.2927589402,6784.663461538462,14.468557403830443
Agri,Semi-Arid Plateau,PVarea_2m2,PV area design,2 m²,32.0,65.0,200.0,2.0,250.0,2.0,68.0,2354.2384615384617,178480.53228898215,6784.663461538462,26.30646800696444
Agri,Semi-Arid Plateau,PVarea_3m2,PV area design,3 m²,32.0,65.0,200.0,2.0,250.0,3.0,68.0,2354.2384615384617,267720.7984334732,6784.663461538462,39.459702010446655
Aksaray,Semi-Arid Plateau,Baseline,Baseline,baseline,32.0,65.0,200.0,2.0,250.0,1.0,101.0,4752.392307692307,94417.05291309673,11978.817307692309,7.882001243350289
Aksaray,Semi-Arid Plateau,Tset_minus10pct,Tset,-10%,28.8,65.0,200.0,2.0,250.0,1.0,353.0,17867.936538461538,94417.05291309673,40814.86778846153,2.3133004718390557
Aksaray,Semi-Arid Plateau,Tset_plus10pct,Tset,+10%,35.2,65.0,200.0,2.0,250.0,1.0,21.0,798.7499999999995,94417.05291309673,3262.062499999999,28.94397422277984
Aksaray,Semi-Arid Plateau,RHmax_minus10pct,RHmax,-10%,32.0,58.5,200.0,2.0,250.0,1.0,101.0,4695.3942307692305,94417.05291309673,11860.071314102563,7.960917806693741
Aksaray,Semi-Arid Plateau,RHmax_plus10pct,RHmax,+10%,32.0,71.5,200.0,2.0,250.0,1.0,101.0,4799.027097902098,94417.05291309673,12075.973120629369,7.818587534929521
Aksaray,Semi-Arid Plateau,Gmin_minus10pct,Gmin,-10%,32.0,65.0,180.0,2.0,250.0,1.0,102.0,4798.592307692308,94417.05291309673,12081.067307692309,7.815290694803025
Aksaray,Semi-Arid Plateau,Gmin_plus10pct,Gmin,+10%,32.0,65.0,220.00000000000003,2.0,250.0,1.0,99.0,4647.288461538462,94417.05291309673,11747.850961538461,8.036963800631344
Aksaray,Semi-Arid Plateau,Flow_minus10pct,Water flow rate,-10%,32.0,65.0,200.0,1.8,250.0,1.0,101.0,4277.153076923077,94417.05291309673,11978.817307692309,7.882001243350289
Aksaray,Semi-Arid Plateau,Flow_plus10pct,Water flow rate,+10%,32.0,65.0,200.0,2.2,250.0,1.0,101.0,5227.631538461538,94417.05291309673,11978.817307692309,7.882001243350289
Aksaray,Semi-Arid Plateau,Pump_minus10pct,Pump power,-10%,32.0,65.0,200.0,2.0,225.0,1.0,101.0,4752.392307692307,94417.05291309673,10988.735576923076,8.592167156281157
Aksaray,Semi-Arid Plateau,Pump_plus10pct,Pump power,+10%,32.0,65.0,200.0,2.0,275.0,1.0,101.0,4752.392307692307,94417.05291309673,12968.899038461539,7.280267402274198
Aksaray,Semi-Arid Plateau,PVarea_minus10pct,PV area,-10%,32.0,65.0,200.0,2.0,250.0,0.9,101.0,4752.392307692307,84975.34762178706,11978.817307692309,7.09380111901526
Aksaray,Semi-Arid Plateau,PVarea_plus10pct,PV area,+10%,32.0,65.0,200.0,2.0,250.0,1.1,101.0,4752.392307692307,103858.75820440642,11978.817307692309,8.67020136768532
Aksaray,Semi-Arid Plateau,PVarea_2m2,PV area design,2 m²,32.0,65.0,200.0,2.0,250.0,2.0,101.0,4752.392307692307,188834.10582619347,11978.817307692309,15.764002486700578
Aksaray,Semi-Arid Plateau,PVarea_3m2,PV area design,3 m²,32.0,65.0,200.0,2.0,250.0,3.0,101.0,4752.392307692307,283251.1587392902,11978.817307692309,23.646003730050865
Antalya-Bolge,Humid Mediterranean Coastal,Baseline,Baseline,baseline,32.0,65.0,200.0,2.0,250.0,1.0,214.0,10554.773076923077,92553.57113753956,24745.110576923078,3.7402771286806713
Antalya-Bolge,Humid Mediterranean Coastal,Tset_minus10pct,Tset,-10%,28.8,65.0,200.0,2.0,250.0,1.0,475.0,24316.41346153846,92553.57113753956,54981.19471153846,1.6833677700735028
Antalya-Bolge,Humid Mediterranean Coastal,Tset_plus10pct,Tset,+10%,35.2,65.0,200.0,2.0,250.0,1.0,89.0,3736.6384615384595,92553.57113753956,9790.663461538457,9.45324813799658
Antalya-Bolge,Humid Mediterranean Coastal,RHmax_minus10pct,RHmax,-10%,32.0,58.5,200.0,2.0,250.0,1.0,214.0,10238.192307692307,92553.57113753956,24085.56730769231,3.842698407522265
Antalya-Bolge,Humid Mediterranean Coastal,RHmax_plus10pct,RHmax,+10%,32.0,71.5,200.0,2.0,250.0,1.0,214.0,10813.793706293707,92553.57113753956,25284.73688811189,3.660452214594941
Antalya-Bolge,Humid Mediterranean Coastal,Gmin_minus10pct,Gmin,-10%,32.0,65.0,180.0,2.0,250.0,1.0,214.0,10554.773076923077,92553.57113753956,24745.110576923078,3.7402771286806713
Antalya-Bolge,Humid Mediterranean Coastal,Gmin_plus10pct,Gmin,+10%,32.0,65.0,220.00000000000003,2.0,250.0,1.0,214.0,10554.773076923077,92553.57113753956,24745.110576923078,3.7402771286806713
Antalya-Bolge,Humid Mediterranean Coastal,Flow_minus10pct,Water flow rate,-10%,32.0,65.0,200.0,1.8,250.0,1.0,214.0,9499.29576923077,92553.57113753956,24745.110576923078,3.7402771286806713
Antalya-Bolge,Humid Mediterranean Coastal,Flow_plus10pct,Water flow rate,+10%,32.0,65.0,200.0,2.2,250.0,1.0,214.0,11610.250384615385,92553.57113753956,24745.110576923078,3.7402771286806713
Antalya-Bolge,Humid Mediterranean Coastal,Pump_minus10pct,Pump power,-10%,32.0,65.0,200.0,2.0,225.0,1.0,214.0,10554.773076923077,92553.57113753956,22546.199519230766,4.105063075424133
Antalya-Bolge,Humid Mediterranean Coastal,Pump_plus10pct,Pump power,+10%,32.0,65.0,200.0,2.0,275.0,1.0,214.0,10554.773076923077,92553.57113753956,26944.021634615383,3.4350318001019797
Antalya-Bolge,Humid Mediterranean Coastal,PVarea_minus10pct,PV area,-10%,32.0,65.0,200.0,2.0,250.0,0.9,214.0,10554.773076923077,83298.21402378561,24745.110576923078,3.366249415812604
Antalya-Bolge,Humid Mediterranean Coastal,PVarea_plus10pct,PV area,+10%,32.0,65.0,200.0,2.0,250.0,1.1,214.0,10554.773076923077,101808.92825129353,24745.110576923078,4.114304841548739
Antalya-Bolge,Humid Mediterranean Coastal,PVarea_2m2,PV area design,2 m²,32.0,65.0,200.0,2.0,250.0,2.0,214.0,10554.773076923077,185107.14227507912,24745.110576923078,7.480554257361343
Antalya-Bolge,Humid Mediterranean Coastal,PVarea_3m2,PV area design,3 m²,32.0,65.0,200.0,2.0,250.0,3.0,214.0,10554.773076923077,277660.7134126187,24745.110576923078,11.220831386042013
Amasya,Temperate Humid Transitional,Baseline,Baseline,baseline,32.0,65.0,200.0,2.0,250.0,1.0,195.0,8935.840384615385,78502.96684394719,21258.334134615383,3.692808963620493
Amasya,Temperate Humid Transitional,Tset_minus10pct,Tset,-10%,28.8,65.0,200.0,2.0,250.0,1.0,368.0,18573.43269230769,78502.96684394719,42374.65144230769,1.8525926272414899
Amasya,Temperate Humid Transitional,Tset_plus10pct,Tset,+10%,35.2,65.0,200.0,2.0,250.0,1.0,61.0,2684.515384615384,78502.96684394719,7430.740384615382,10.564622471063565
Amasya,Temperate Humid Transitional,RHmax_minus10pct,RHmax,-10%,32.0,58.5,200.0,2.0,250.0,1.0,195.0,8667.336538461537,78502.96684394719,20698.951121794875,3.7926060302296096
Amasya,Temperate Humid Transitional,RHmax_plus10pct,RHmax,+10%,32.0,71.5,200.0,2.0,250.0,1.0,195.0,9155.52534965035,78502.96684394719,21716.011145104898,3.614980961254613
Amasya,Temperate Humid Transitional,Gmin_minus10pct,Gmin,-10%,32.0,65.0,180.0,2.0,250.0,1.0,198.0,9085.378846153846,78502.96684394719,21587.872596153844,3.6364383055481575
Amasya,Temperate Humid Transitional,Gmin_plus10pct,Gmin,+10%,32.0,65.0,220.00000000000003,2.0,250.0,1.0,191.0,8760.040384615386,78502.96684394719,20868.084134615383,3.761867468884156
Amasya,Temperate Humid Transitional,Flow_minus10pct,Water flow rate,-10%,32.0,65.0,200.0,1.8,250.0,1.0,195.0,8042.256346153847,78502.96684394719,21258.334134615383,3.692808963620493
Amasya,Temperate Humid Transitional,Flow_plus10pct,Water flow rate,+10%,32.0,65.0,200.0,2.2,250.0,1.0,195.0,9829.424423076924,78502.96684394719,21258.334134615383,3.692808963620493
Amasya,Temperate Humid Transitional,Pump_minus10pct,Pump power,-10%,32.0,65.0,200.0,2.0,225.0,1.0,195.0,8935.840384615385,78502.96684394719,19396.700721153848,4.047232979077346
Amasya,Temperate Humid Transitional,Pump_plus10pct,Pump power,+10%,32.0,65.0,200.0,2.0,275.0,1.0,195.0,8935.840384615385,78502.96684394719,23119.967548076926,3.3954618093950097
Amasya,Temperate Humid Transitional,PVarea_minus10pct,PV area,-10%,32.0,65.0,200.0,2.0,250.0,0.9,195.0,8935.840384615385,70652.67015955246,21258.334134615383,3.3235280672584437
Amasya,Temperate Humid Transitional,PVarea_plus10pct,PV area,+10%,32.0,65.0,200.0,2.0,250.0,1.1,195.0,8935.840384615385,86353.26352834191,21258.334134615383,4.062089859982542
Amasya,Temperate Humid Transitional,PVarea_2m2,PV area design,2 m²,32.0,65.0,200.0,2.0,250.0,2.0,195.0,8935.840384615385,157005.93368789437,21258.334134615383,7.385617927240986
Amasya,Temperate Humid Transitional,PVarea_3m2,PV area design,3 m²,32.0,65.0,200.0,2.0,250.0,3.0,195.0,8935.840384615385,235508.90053184156,21258.334134615383,11.07842689086148
Ankara-Esenboga.AP,Semi-Arid Plateau,Baseline,Baseline,baseline,32.0,65.0,200.0,2.0,250.0,1.0,88.0,3537.628846153846,88444.8288810821,9370.060096153848,9.439088754338542
Ankara-Esenboga.AP,Semi-Arid Plateau,Tset_minus10pct,Tset,-10%,28.8,65.0,200.0,2.0,250.0,1.0,248.0,11979.253846153844,88444.8288810821,27916.778846153844,3.1681602440056342
Ankara-Esenboga.AP,Semi-Arid Plateau,Tset_plus10pct,Tset,+10%,35.2,65.0,200.0,2.0,250.0,1.0,2.0,68.75769230769227,88444.8288810821,1627.2451923076922,54.352490515368046
Ankara-Esenboga.AP,Semi-Arid Plateau,RHmax_minus10pct,RHmax,-10%,32.0,58.5,200.0,2.0,250.0,1.0,88.0,3499.7403846153843,88444.8288810821,9291.12580128205,9.519280092933183
Ankara-Esenboga.AP,Semi-Arid Plateau,RHmax_plus10pct,RHmax,+10%,32.0,71.5,200.0,2.0,250.0,1.0,88.0,3568.6284965034965,88444.8288810821,9434.642701048951,9.374475715042047
Ankara-Esenboga.AP,Semi-Arid Plateau,Gmin_minus10pct,Gmin,-10%,32.0,65.0,180.0,2.0,250.0,1.0,89.0,3581.6480769230775,88444.8288810821,9467.766826923078,9.341677979391653
Ankara-Esenboga.AP,Semi-Arid Plateau,Gmin_plus10pct,Gmin,+10%,32.0,65.0,220.00000000000003,2.0,250.0,1.0,87.0,3506.763461538462,88444.8288810821,9299.757211538463,9.510444936277066
Ankara-Esenboga.AP,Semi-Arid Plateau,Flow_minus10pct,Water flow rate,-10%,32.0,65.0,200.0,1.8,250.0,1.0,88.0,3183.8659615384618,88444.8288810821,9370.060096153848,9.439088754338542
Ankara-Esenboga.AP,Semi-Arid Plateau,Flow_plus10pct,Water flow rate,+10%,32.0,65.0,200.0,2.2,250.0,1.0,88.0,3891.391730769231,88444.8288810821,9370.060096153848,9.439088754338542
Ankara-Esenboga.AP,Semi-Arid Plateau,Pump_minus10pct,Pump power,-10%,32.0,65.0,200.0,2.0,225.0,1.0,88.0,3537.628846153846,88444.8288810821,8633.054086538461,10.244906147291989
Ankara-Esenboga.AP,Semi-Arid Plateau,Pump_plus10pct,Pump power,+10%,32.0,65.0,200.0,2.0,275.0,1.0,88.0,3537.628846153846,88444.8288810821,10107.06610576923,8.750791570522802
Ankara-Esenboga.AP,Semi-Arid Plateau,PVarea_minus10pct,PV area,-10%,32.0,65.0,200.0,2.0,250.0,0.9,88.0,3537.628846153846,79600.34599297389,9370.060096153848,8.495179878904688
Ankara-Esenboga.AP,Semi-Arid Plateau,PVarea_plus10pct,PV area,+10%,32.0,65.0,200.0,2.0,250.0,1.1,88.0,3537.628846153846,97289.31176919032,9370.060096153848,10.382997629772397
Ankara-Esenboga.AP,Semi-Arid Plateau,PVarea_2m2,PV area design,2 m²,32.0,65.0,200.0,2.0,250.0,2.0,88.0,3537.628846153846,176889.6577621642,9370.060096153848,18.878177508677084
Ankara-Esenboga.AP,Semi-Arid Plateau,PVarea_3m2,PV area design,3 m²,32.0,65.0,200.0,2.0,250.0,3.0,88.0,3537.628846153846,265334.48664324626,9370.060096153848,28.31726626301562
Ankara-Etimesgut.AP,Semi-Arid Plateau,Baseline,Baseline,baseline,32.0,65.0,200.0,2.0,250.0,1.0,177.0,7974.969230769231,89655.817470364,19148.51923076923,4.682127969785701
Ankara-Etimesgut.AP,Semi-Arid Plateau,Tset_minus10pct,Tset,-10%,28.8,65.0,200.0,2.0,250.0,1.0,403.0,21216.086538461535,89655.817470364,48090.18028846154,1.8643269152366946
Ankara-Etimesgut.AP,Semi-Arid Plateau,Tset_plus10pct,Tset,+10%,35.2,65.0,200.0,2.0,250.0,1.0,29.0,1161.1326923076917,89655.817470364,4065.0264423076906,22.055408185602587
Ankara-Etimesgut.AP,Semi-Arid Plateau,RHmax_minus10pct,RHmax,-10%,32.0,58.5,200.0,2.0,250.0,1.0,177.0,7870.951923076922,89655.817470364,18931.816506410258,4.735721870112506
Ankara-Etimesgut.AP,Semi-Arid Plateau,RHmax_plus10pct,RHmax,+10%,32.0,71.5,200.0,2.0,250.0,1.0,177.0,8060.074300699301,89655.817470364,19325.82145979021,4.639172397246044
Ankara-Etimesgut.AP,Semi-Arid Plateau,Gmin_minus10pct,Gmin,-10%,32.0,65.0,180.0,2.0,250.0,1.0,177.0,7974.969230769231,89655.817470364,19148.51923076923,4.682127969785701
Ankara-Etimesgut.AP,Semi-Arid Plateau,Gmin_plus10pct,Gmin,+10%,32.0,65.0,220.00000000000003,2.0,250.0,1.0,174.0,7826.503846153846,89655.817470364,18821.216346153844,4.763550655889748
Ankara-Etimesgut.AP,Semi-Arid Plateau,Flow_minus10pct,Water flow rate,-10%,32.0,65.0,200.0,1.8,250.0,1.0,177.0,7177.472307692308,89655.817470364,19148.51923076923,4.682127969785701
Ankara-Etimesgut.AP,Semi-Arid Plateau,Flow_plus10pct,Water flow rate,+10%,32.0,65.0,200.0,2.2,250.0,1.0,177.0,8772.466153846155,89655.817470364,19148.51923076923,4.682127969785701
Ankara-Etimesgut.AP,Semi-Arid Plateau,Pump_minus10pct,Pump power,-10%,32.0,65.0,200.0,2.0,225.0,1.0,177.0,7974.969230769231,89655.817470364,17487.06730769231,5.126978463159783
Ankara-Etimesgut.AP,Semi-Arid Plateau,Pump_plus10pct,Pump power,+10%,32.0,65.0,200.0,2.0,275.0,1.0,177.0,7974.969230769231,89655.817470364,20809.971153846152,4.3083105117035965
Ankara-Etimesgut.AP,Semi-Arid Plateau,PVarea_minus10pct,PV area,-10%,32.0,65.0,200.0,2.0,250.0,0.9,177.0,7974.969230769231,80690.2357233276,19148.51923076923,4.213915172807131
Ankara-Etimesgut.AP,Semi-Arid Plateau,PVarea_plus10pct,PV area,+10%,32.0,65.0,200.0,2.0,250.0,1.1,177.0,7974.969230769231,98621.39921740041,19148.51923076923,5.150340766764272
Ankara-Etimesgut.AP,Semi-Arid Plateau,PVarea_2m2,PV area design,2 m²,32.0,65.0,200.0,2.0,250.0,2.0,177.0,7974.969230769231,179311.634940728,19148.51923076923,9.364255939571402
Ankara-Etimesgut.AP,Semi-Arid Plateau,PVarea_3m2,PV area design,3 m²,32.0,65.0,200.0,2.0,250.0,3.0,177.0,7974.969230769231,268967.452411092,19148.51923076923,14.046383909357104
Ardahan,Humid Black Sea,Baseline,Baseline,baseline,32.0,65.0,200.0,2.0,250.0,1.0,4.0,149.4230769230769,80392.45867538691,1807.298076923077,44.48212483701359
Ardahan,Humid Black Sea,Tset_minus10pct,Tset,-10%,28.8,65.0,200.0,2.0,250.0,1.0,30.0,1244.8730769230767,80392.45867538691,4245.485576923076,18.93598676023568
Ardahan,Humid Black Sea,Tset_plus10pct,Tset,+10%,35.2,65.0,200.0,2.0,250.0,1.0,0.0,0.0,80392.45867538691,1472.0,54.61444203490959
Ardahan,Humid Black Sea,RHmax_minus10pct,RHmax,-10%,32.0,58.5,200.0,2.0,250.0,1.0,4.0,148.3173076923077,80392.45867538691,1804.994391025641,44.5388966719758
Ardahan,Humid Black Sea,RHmax_plus10pct,RHmax,+10%,32.0,71.5,200.0,2.0,250.0,1.0,4.0,150.32779720279723,80392.45867538691,1809.1829108391607,44.43578269158984
Ardahan,Humid Black Sea,Gmin_minus10pct,Gmin,-10%,32.0,65.0,180.0,2.0,250.0,1.0,4.0,149.4230769230769,80392.45867538691,1807.298076923077,44.48212483701359
Ardahan,Humid Black Sea,Gmin_plus10pct,Gmin,+10%,32.0,65.0,220.00000000000003,2.0,250.0,1.0,4.0,149.4230769230769,80392.45867538691,1807.298076923077,44.48212483701359
Ardahan,Humid Black Sea,Flow_minus10pct,Water flow rate,-10%,32.0,65.0,200.0,1.8,250.0,1.0,4.0,134.48076923076923,80392.45867538691,1807.298076923077,44.48212483701359
Ardahan,Humid Black Sea,Flow_plus10pct,Water flow rate,+10%,32.0,65.0,200.0,2.2,250.0,1.0,4.0,164.3653846153846,80392.45867538691,1807.298076923077,44.48212483701359
Ardahan,Humid Black Sea,Pump_minus10pct,Pump power,-10%,32.0,65.0,200.0,2.0,225.0,1.0,4.0,149.4230769230769,80392.45867538691,1776.1682692307693,45.26173565199632
Ardahan,Humid Black Sea,Pump_plus10pct,Pump power,+10%,32.0,65.0,200.0,2.0,275.0,1.0,4.0,149.4230769230769,80392.45867538691,1838.4278846153848,43.72891607451098
Ardahan,Humid Black Sea,PVarea_minus10pct,PV area,-10%,32.0,65.0,200.0,2.0,250.0,0.9,4.0,149.4230769230769,72353.21280784822,1807.298076923077,40.03391235331224
Ardahan,Humid Black Sea,PVarea_plus10pct,PV area,+10%,32.0,65.0,200.0,2.0,250.0,1.1,4.0,149.4230769230769,88431.70454292561,1807.298076923077,48.93033732071496
Ardahan,Humid Black Sea,PVarea_2m2,PV area design,2 m²,32.0,65.0,200.0,2.0,250.0,2.0,4.0,149.4230769230769,160784.91735077382,1807.298076923077,88.96424967402719
Ardahan,Humid Black Sea,PVarea_3m2,PV area design,3 m²,32.0,65.0,200.0,2.0,250.0,3.0,4.0,149.4230769230769,241177.37602616072,1807.298076923077,133.4463745110408
Artvin,Humid Black Sea,Baseline,Baseline,baseline,32.0,65.0,200.0,2.0,250.0,1.0,48.0,1911.098076923077,73372.69532766294,5741.454326923077,12.779461639814935
Artvin,Humid Black Sea,Tset_minus10pct,Tset,-10%,28.8,65.0,200.0,2.0,250.0,1.0,93.0,4117.465384615384,73372.69532766294,10608.052884615385,6.91669773197244
Artvin,Humid Black Sea,Tset_plus10pct,Tset,+10%,35.2,65.0,200.0,2.0,250.0,1.0,13.0,462.9692307692306,73372.69532766294,2514.5192307692305,29.179611923356454
Artvin,Humid Black Sea,RHmax_minus10pct,RHmax,-10%,32.0,58.5,200.0,2.0,250.0,1.0,47.0,1796.9134615384617,73372.69532766294,5497.569711538461,13.346387436191335
Artvin,Humid Black Sea,RHmax_plus10pct,RHmax,+10%,32.0,71.5,200.0,2.0,250.0,1.0,48.0,1980.2596153846152,73372.69532766294,5885.540865384615,12.466601966728183
Artvin,Humid Black Sea,Gmin_minus10pct,Gmin,-10%,32.0,65.0,180.0,2.0,250.0,1.0,48.0,1911.098076923077,73372.69532766294,5741.454326923077,12.779461639814935
Artvin,Humid Black Sea,Gmin_plus10pct,Gmin,+10%,32.0,65.0,220.00000000000003,2.0,250.0,1.0,48.0,1911.098076923077,73372.69532766294,5741.454326923077,12.779461639814935
Artvin,Humid Black Sea,Flow_minus10pct,Water flow rate,-10%,32.0,65.0,200.0,1.8,250.0,1.0,48.0,1719.9882692307692,73372.69532766294,5741.454326923077,12.779461639814935
Artvin,Humid Black Sea,Flow_plus10pct,Water flow rate,+10%,32.0,65.0,200.0,2.2,250.0,1.0,48.0,2102.2078846153845,73372.69532766294,5741.454326923077,12.779461639814935
Artvin,Humid Black Sea,Pump_minus10pct,Pump power,-10%,32.0,65.0,200.0,2.0,225.0,1.0,48.0,1911.098076923077,73372.69532766294,5343.3088942307695,13.731696366437706
Artvin,Humid Black Sea,Pump_plus10pct,Pump power,+10%,32.0,65.0,200.0,2.0,275.0,1.0,48.0,1911.098076923077,73372.69532766294,6139.599759615385,11.950729396122618
Artvin,Humid Black Sea,PVarea_minus10pct,PV area,-10%,32.0,65.0,200.0,2.0,250.0,0.9,48.0,1911.098076923077,66035.42579489664,5741.454326923077,11.50151547583344
Artvin,Humid Black Sea,PVarea_plus10pct,PV area,+10%,32.0,65.0,200.0,2.0,250.0,1.1,48.0,1911.098076923077,80709.96486042923,5741.454326923077,14.057407803796428
Artvin,Humid Black Sea,PVarea_2m2,PV area design,2 m²,32.0,65.0,200.0,2.0,250.0,2.0,48.0,1911.098076923077,146745.39065532587,5741.454326923077,25.55892327962987
Artvin,Humid Black Sea,PVarea_3m2,PV area design,3 m²,32.0,65.0,200.0,2.0,250.0,3.0,48.0,1911.098076923077,220118.08598298882,5741.454326923077,38.338384919444806
Aydin,Hot–Dry Inland,Baseline,Baseline,baseline,32.0,65.0,200.0,2.0,250.0,1.0,526.0,29139.790384615382,92236.75639055688,65335.89663461539,1.411731699442068
Aydin,Hot–Dry Inland,Tset_minus10pct,Tset,-10%,28.8,65.0,200.0,2.0,250.0,1.0,657.0,43706.994230769225,92236.75639055688,96470.23798076925,0.956116190041365
Aydin,Hot–Dry Inland,Tset_plus10pct,Tset,+10%,35.2,65.0,200.0,2.0,250.0,1.0,271.0,12651.980769230762,92236.75639055688,29456.293269230755,3.1313090057704205
Aydin,Hot–Dry Inland,RHmax_minus10pct,RHmax,-10%,32.0,58.5,200.0,2.0,250.0,1.0,526.0,28303.586538461543,92236.75639055688,63593.80528846153,1.4504047363130876
Aydin,Hot–Dry Inland,RHmax_plus10pct,RHmax,+10%,32.0,71.5,200.0,2.0,250.0,1.0,526.0,29823.957167832163,92236.75639055688,66761.24409965036,1.3815913354292921
Aydin,Hot–Dry Inland,Gmin_minus10pct,Gmin,-10%,32.0,65.0,180.0,2.0,250.0,1.0,526.0,29139.790384615382,92236.75639055688,65335.89663461539,1.411731699442068
Aydin,Hot–Dry Inland,Gmin_plus10pct,Gmin,+10%,32.0,65.0,220.00000000000003,2.0,250.0,1.0,526.0,29139.790384615382,92236.75639055688,65335.89663461539,1.411731699442068
Aydin,Hot–Dry Inland,Flow_minus10pct,Water flow rate,-10%,32.0,65.0,200.0,1.8,250.0,1.0,526.0,26225.811346153845,92236.75639055688,65335.89663461539,1.411731699442068
Aydin,Hot–Dry Inland,Flow_plus10pct,Water flow rate,+10%,32.0,65.0,200.0,2.2,250.0,1.0,526.0,32053.76942307692,92236.75639055688,65335.89663461539,1.411731699442068
Aydin,Hot–Dry Inland,Pump_minus10pct,Pump power,-10%,32.0,65.0,200.0,2.0,225.0,1.0,526.0,29139.790384615382,92236.75639055688,59265.106971153844,1.5563416840781432
Aydin,Hot–Dry Inland,Pump_plus10pct,Pump power,+10%,32.0,65.0,200.0,2.0,275.0,1.0,526.0,29139.790384615382,92236.75639055688,71406.68629807694,1.2917103589645347
Aydin,Hot–Dry Inland,PVarea_minus10pct,PV area,-10%,32.0,65.0,200.0,2.0,250.0,0.9,526.0,29139.790384615382,83013.0807515012,65335.89663461539,1.2705585294978614
Aydin,Hot–Dry Inland,PVarea_plus10pct,PV area,+10%,32.0,65.0,200.0,2.0,250.0,1.1,526.0,29139.790384615382,101460.43202961258,65335.89663461539,1.552904869386275
Aydin,Hot–Dry Inland,PVarea_2m2,PV area design,2 m²,32.0,65.0,200.0,2.0,250.0,2.0,526.0,29139.790384615382,184473.51278111376,65335.89663461539,2.823463398884136
Aydin,Hot–Dry Inland,PVarea_3m2,PV area design,3 m²,32.0,65.0,200.0,2.0,250.0,3.0,526.0,29139.790384615382,276710.26917167066,65335.89663461539,4.235195098326204
Kusadasi,Humid Mediterranean Coastal,Baseline,Baseline,baseline,32.0,65.0,200.0,2.0,250.0,1.0,168.0,7015.898076923077,95620.74933881639,17096.454326923078,5.593016394530132
Kusadasi,Humid Mediterranean Coastal,Tset_minus10pct,Tset,-10%,28.8,65.0,200.0,2.0,250.0,1.0,393.0,18537.975,95620.74933881639,42450.78125,2.2525085881385607
Kusadasi,Humid Mediterranean Coastal,Tset_plus10pct,Tset,+10%,35.2,65.0,200.0,2.0,250.0,1.0,34.0,1277.0365384615377,95620.74933881639,4336.492788461537,22.050249822446926
Kusadasi,Humid Mediterranean Coastal,RHmax_minus10pct,RHmax,-10%,32.0,58.5,200.0,2.0,250.0,1.0,168.0,6843.817307692308,95620.74933881639,16737.952724358976,5.712810336694175
Kusadasi,Humid Mediterranean Coastal,RHmax_plus10pct,RHmax,+10%,32.0,71.5,200.0,2.0,250.0,1.0,168.0,7156.691433566433,95620.74933881639,17389.77381993007,5.498676999997974
Kusadasi,Humid Mediterranean Coastal,Gmin_minus10pct,Gmin,-10%,32.0,65.0,180.0,2.0,250.0,1.0,168.0,7015.898076923077,95620.74933881639,17096.454326923078,5.593016394530132
Kusadasi,Humid Mediterranean Coastal,Gmin_plus10pct,Gmin,+10%,32.0,65.0,220.00000000000003,2.0,250.0,1.0,168.0,7015.898076923077,95620.74933881639,17096.454326923078,5.593016394530132
Kusadasi,Humid Mediterranean Coastal,Flow_minus10pct,Water flow rate,-10%,32.0,65.0,200.0,1.8,250.0,1.0,168.0,6314.30826923077,95620.74933881639,17096.454326923078,5.593016394530132
Kusadasi,Humid Mediterranean Coastal,Flow_plus10pct,Water flow rate,+10%,32.0,65.0,200.0,2.2,250.0,1.0,168.0,7717.487884615385,95620.74933881639,17096.454326923078,5.593016394530132
Kusadasi,Humid Mediterranean Coastal,Pump_minus10pct,Pump power,-10%,32.0,65.0,200.0,2.0,225.0,1.0,168.0,7015.898076923077,95620.74933881639,15634.80889423077,6.115888591008001
Kusadasi,Humid Mediterranean Coastal,Pump_plus10pct,Pump power,+10%,32.0,65.0,200.0,2.0,275.0,1.0,168.0,7015.898076923077,95620.74933881639,18558.099759615383,5.152507561517609
Kusadasi,Humid Mediterranean Coastal,PVarea_minus10pct,PV area,-10%,32.0,65.0,200.0,2.0,250.0,0.9,168.0,7015.898076923077,86058.67440493475,17096.454326923078,5.033714755077119
Kusadasi,Humid Mediterranean Coastal,PVarea_plus10pct,PV area,+10%,32.0,65.0,200.0,2.0,250.0,1.1,168.0,7015.898076923077,105182.82427269804,17096.454326923078,6.152318033983146
Kusadasi,Humid Mediterranean Coastal,PVarea_2m2,PV area design,2 m²,32.0,65.0,200.0,2.0,250.0,2.0,168.0,7015.898076923077,191241.49867763277,17096.454326923078,11.186032789060263
Kusadasi,Humid Mediterranean Coastal,PVarea_3m2,PV area design,3 m²,32.0,65.0,200.0,2.0,250.0,3.0,168.0,7015.898076923077,286862.24801644916,17096.454326923078,16.779049183590395
Bayburt,Semi-Arid Plateau,Baseline,Baseline,baseline,32.0,65.0,200.0,2.0,250.0,1.0,49.0,2199.3980769230775,90669.47413299239,6348.079326923078,14.282977490286026
Bayburt,Semi-Arid Plateau,Tset_minus10pct,Tset,-10%,28.8,65.0,200.0,2.0,250.0,1.0,105.0,5913.242307692308,90669.47413299239,14421.254807692309,6.287211157563711
Bayburt,Semi-Arid Plateau,Tset_plus10pct,Tset,+10%,35.2,65.0,200.0,2.0,250.0,1.0,7.0,297.6115384615384,90669.47413299239,2134.024038461538,42.48755988632531
Bayburt,Semi-Arid Plateau,RHmax_minus10pct,RHmax,-10%,32.0,58.5,200.0,2.0,250.0,1.0,49.0,2180.5673076923085,90669.47413299239,6308.8485576923085,14.371794362132867
Bayburt,Semi-Arid Plateau,RHmax_plus10pct,RHmax,+10%,32.0,71.5,200.0,2.0,250.0,1.0,49.0,2214.8050699300707,90669.47413299239,6380.17722902098,14.211121553265277
Bayburt,Semi-Arid Plateau,Gmin_minus10pct,Gmin,-10%,32.0,65.0,180.0,2.0,250.0,1.0,49.0,2199.3980769230775,90669.47413299239,6348.079326923078,14.282977490286026
Bayburt,Semi-Arid Plateau,Gmin_plus10pct,Gmin,+10%,32.0,65.0,220.00000000000003,2.0,250.0,1.0,49.0,2199.3980769230775,90669.47413299239,6348.079326923078,14.282977490286026
Bayburt,Semi-Arid Plateau,Flow_minus10pct,Water flow rate,-10%,32.0,65.0,200.0,1.8,250.0,1.0,49.0,1979.45826923077,90669.47413299239,6348.079326923078,14.282977490286026
Bayburt,Semi-Arid Plateau,Flow_plus10pct,Water flow rate,+10%,32.0,65.0,200.0,2.2,250.0,1.0,49.0,2419.3378846153855,90669.47413299239,6348.079326923078,14.282977490286026
Bayburt,Semi-Arid Plateau,Pump_minus10pct,Pump power,-10%,32.0,65.0,200.0,2.0,225.0,1.0,49.0,2199.3980769230775,90669.47413299239,5889.8713942307695,15.394134789055784
Bayburt,Semi-Arid Plateau,Pump_plus10pct,Pump power,+10%,32.0,65.0,200.0,2.0,275.0,1.0,49.0,2199.3980769230775,90669.47413299239,6806.287259615387,13.321429242484836
Bayburt,Semi-Arid Plateau,PVarea_minus10pct,PV area,-10%,32.0,65.0,200.0,2.0,250.0,0.9,49.0,2199.3980769230775,81602.52671969315,6348.079326923078,12.854679741257424
Bayburt,Semi-Arid Plateau,PVarea_plus10pct,PV area,+10%,32.0,65.0,200.0,2.0,250.0,1.1,49.0,2199.3980769230775,99736.42154629163,6348.079326923078,15.711275239314629
Bayburt,Semi-Arid Plateau,PVarea_2m2,PV area design,2 m²,32.0,65.0,200.0,2.0,250.0,2.0,49.0,2199.3980769230775,181338.94826598477,6348.079326923078,28.56595498057205
Bayburt,Semi-Arid Plateau,PVarea_3m2,PV area design,3 m²,32.0,65.0,200.0,2.0,250.0,3.0,49.0,2199.3980769230775,272008.42239897716,6348.079326923078,42.848932470858074
Bilecik,Temperate Humid Transitional,Baseline,Baseline,baseline,32.0,65.0,200.0,2.0,250.0,1.0,93.0,3998.7,84679.07796348978,10360.625,8.173163101983691
Bilecik,Temperate Humid Transitional,Tset_minus10pct,Tset,-10%,28.8,65.0,200.0,2.0,250.0,1.0,298.0,13298.111538461537,84679.07796348978,30964.39903846154,2.7347237664231137
Bilecik,Temperate Humid Transitional,Tset_plus10pct,Tset,+10%,35.2,65.0,200.0,2.0,250.0,1.0,14.0,645.4673076923074,84679.07796348978,2900.7235576923067,29.192398475522733
Bilecik,Temperate Humid Transitional,RHmax_minus10pct,RHmax,-10%,32.0,58.5,200.0,2.0,250.0,1.0,93.0,3919.625,84679.07796348978,10195.885416666668,8.305220635872331
Bilecik,Temperate Humid Transitional,RHmax_plus10pct,RHmax,+10%,32.0,71.5,200.0,2.0,250.0,1.0,93.0,4063.3977272727275,84679.07796348978,10495.411931818182,8.06819956316096
Bilecik,Temperate Humid Transitional,Gmin_minus10pct,Gmin,-10%,32.0,65.0,180.0,2.0,250.0,1.0,93.0,3998.7,84679.07796348978,10360.625,8.173163101983691
Bilecik,Temperate Humid Transitional,Gmin_plus10pct,Gmin,+10%,32.0,65.0,220.00000000000003,2.0,250.0,1.0,93.0,3998.7,84679.07796348978,10360.625,8.173163101983691
Bilecik,Temperate Humid Transitional,Flow_minus10pct,Water flow rate,-10%,32.0,65.0,200.0,1.8,250.0,1.0,93.0,3598.83,84679.07796348978,10360.625,8.173163101983691
Bilecik,Temperate Humid Transitional,Flow_plus10pct,Water flow rate,+10%,32.0,65.0,200.0,2.2,250.0,1.0,93.0,4398.57,84679.07796348978,10360.625,8.173163101983691
Bilecik,Temperate Humid Transitional,Pump_minus10pct,Pump power,-10%,32.0,65.0,200.0,2.0,225.0,1.0,93.0,3998.7,84679.07796348978,9527.5625,8.887800837149037
Bilecik,Temperate Humid Transitional,Pump_plus10pct,Pump power,+10%,32.0,65.0,200.0,2.0,275.0,1.0,93.0,3998.7,84679.07796348978,11193.6875,7.564895657797288
Bilecik,Temperate Humid Transitional,PVarea_minus10pct,PV area,-10%,32.0,65.0,200.0,2.0,250.0,0.9,93.0,3998.7,76211.17016714081,10360.625,7.355846791785322
Bilecik,Temperate Humid Transitional,PVarea_plus10pct,PV area,+10%,32.0,65.0,200.0,2.0,250.0,1.1,93.0,3998.7,93146.98575983876,10360.625,8.99047941218206
Bilecik,Temperate Humid Transitional,PVarea_2m2,PV area design,2 m²,32.0,65.0,200.0,2.0,250.0,2.0,93.0,3998.7,169358.15592697955,10360.625,16.346326203967383
Bilecik,Temperate Humid Transitional,PVarea_3m2,PV area design,3 m²,32.0,65.0,200.0,2.0,250.0,3.0,93.0,3998.7,254037.23389046933,10360.625,24.519489305951073
Bingol,Hot–Dry Inland,Baseline,Baseline,baseline,32.0,65.0,200.0,2.0,250.0,1.0,372.0,19565.463461538464,93700.57921794208,44465.38221153846,2.1072702978729243
Bingol,Hot–Dry Inland,Tset_minus10pct,Tset,-10%,28.8,65.0,200.0,2.0,250.0,1.0,549.0,37400.15769230769,93700.57921794208,82682.99519230769,1.133250906066105
Bingol,Hot–Dry Inland,Tset_plus10pct,Tset,+10%,35.2,65.0,200.0,2.0,250.0,1.0,137.0,5239.91538461538,93700.57921794208,13210.490384615377,7.092891822325048
Bingol,Hot–Dry Inland,RHmax_minus10pct,RHmax,-10%,32.0,58.5,200.0,2.0,250.0,1.0,372.0,19311.778846153844,93700.57921794208,43936.872596153844,2.132618315354208
Bingol,Hot–Dry Inland,RHmax_plus10pct,RHmax,+10%,32.0,71.5,200.0,2.0,250.0,1.0,372.0,19773.0236013986,93700.57921794208,44897.79916958042,2.0869748840924696
Bingol,Hot–Dry Inland,Gmin_minus10pct,Gmin,-10%,32.0,65.0,180.0,2.0,250.0,1.0,372.0,19565.463461538464,93700.57921794208,44465.38221153846,2.1072702978729243
Bingol,Hot–Dry Inland,Gmin_plus10pct,Gmin,+10%,32.0,65.0,220.00000000000003,2.0,250.0,1.0,371.0,19513.032692307694,93700.57921794208,44350.151442307695,2.112745417337103
Bingol,Hot–Dry Inland,Flow_minus10pct,Water flow rate,-10%,32.0,65.0,200.0,1.8,250.0,1.0,372.0,17608.917115384615,93700.57921794208,44465.38221153846,2.1072702978729243
Bingol,Hot–Dry Inland,Flow_plus10pct,Water flow rate,+10%,32.0,65.0,200.0,2.2,250.0,1.0,372.0,21522.00980769231,93700.57921794208,44465.38221153846,2.1072702978729243
Bingol,Hot–Dry Inland,Pump_minus10pct,Pump power,-10%,32.0,65.0,200.0,2.0,225.0,1.0,372.0,19565.463461538464,93700.57921794208,40389.24399038462,2.319938923349226
Bingol,Hot–Dry Inland,Pump_plus10pct,Pump power,+10%,32.0,65.0,200.0,2.0,275.0,1.0,372.0,19565.463461538464,93700.57921794208,48541.52043269231,1.9303181767424722
Bingol,Hot–Dry Inland,PVarea_minus10pct,PV area,-10%,32.0,65.0,200.0,2.0,250.0,0.9,372.0,19565.463461538464,84330.52129614788,44465.38221153846,1.896543268085632
Bingol,Hot–Dry Inland,PVarea_plus10pct,PV area,+10%,32.0,65.0,200.0,2.0,250.0,1.1,372.0,19565.463461538464,103070.6371397363,44465.38221153846,2.317997327660217
Bingol,Hot–Dry Inland,PVarea_2m2,PV area design,2 m²,32.0,65.0,200.0,2.0,250.0,2.0,372.0,19565.463461538464,187401.15843588416,44465.38221153846,4.214540595745849
Bingol,Hot–Dry Inland,PVarea_3m2,PV area design,3 m²,32.0,65.0,200.0,2.0,250.0,3.0,372.0,19565.463461538464,281101.73765382625,44465.38221153846,6.321810893618773
Balikesir-Merkez.Havalimani.AP,Temperate / Windy Coastal,Baseline,Baseline,baseline,32.0,65.0,200.0,2.0,250.0,1.0,201.0,8107.788461538462,90808.77248825988,19569.22596153846,4.640386526617675
Balikesir-Merkez.Havalimani.AP,Temperate / Windy Coastal,Tset_minus10pct,Tset,-10%,28.8,65.0,200.0,2.0,250.0,1.0,482.0,21802.269230769227,90808.77248825988,49785.39423076923,1.8240042866254274
Balikesir-Merkez.Havalimani.AP,Temperate / Windy Coastal,Tset_plus10pct,Tset,+10%,35.2,65.0,200.0,2.0,250.0,1.0,35.0,1347.8999999999994,90808.77248825988,4490.124999999998,20.22410790084016
Balikesir-Merkez.Havalimani.AP,Temperate / Windy Coastal,RHmax_minus10pct,RHmax,-10%,32.0,58.5,200.0,2.0,250.0,1.0,201.0,7923.028846153846,90808.77248825988,19184.310096153844,4.733491693634875
Balikesir-Merkez.Havalimani.AP,Temperate / Windy Coastal,RHmax_plus10pct,RHmax,+10%,32.0,71.5,200.0,2.0,250.0,1.0,201.0,8258.95541958042,90808.77248825988,19884.15712412587,4.566890712107664
Balikesir-Merkez.Havalimani.AP,Temperate / Windy Coastal,Gmin_minus10pct,Gmin,-10%,32.0,65.0,180.0,2.0,250.0,1.0,202.0,8142.513461538461,90808.77248825988,19647.56971153846,4.621883205989109
Balikesir-Merkez.Havalimani.AP,Temperate / Windy Coastal,Gmin_plus10pct,Gmin,+10%,32.0,65.0,220.00000000000003,2.0,250.0,1.0,201.0,8107.788461538462,90808.77248825988,19569.22596153846,4.640386526617675
Balikesir-Merkez.Havalimani.AP,Temperate / Windy Coastal,Flow_minus10pct,Water flow rate,-10%,32.0,65.0,200.0,1.8,250.0,1.0,201.0,7297.009615384615,90808.77248825988,19569.22596153846,4.640386526617675
Balikesir-Merkez.Havalimani.AP,Temperate / Windy Coastal,Flow_plus10pct,Water flow rate,+10%,32.0,65.0,200.0,2.2,250.0,1.0,201.0,8918.567307692309,90808.77248825988,19569.22596153846,4.640386526617675
Balikesir-Merkez.Havalimani.AP,Temperate / Windy Coastal,Pump_minus10pct,Pump power,-10%,32.0,65.0,200.0,2.0,225.0,1.0,201.0,8107.788461538462,90808.77248825988,17880.103365384617,5.078761046989423
Balikesir-Merkez.Havalimani.AP,Temperate / Windy Coastal,Pump_plus10pct,Pump power,+10%,32.0,65.0,200.0,2.0,275.0,1.0,201.0,8107.788461538462,90808.77248825988,21258.348557692305,4.271675772076889
Balikesir-Merkez.Havalimani.AP,Temperate / Windy Coastal,PVarea_minus10pct,PV area,-10%,32.0,65.0,200.0,2.0,250.0,0.9,201.0,8107.788461538462,81727.8952394339,19569.22596153846,4.1763478739559075
Balikesir-Merkez.Havalimani.AP,Temperate / Windy Coastal,PVarea_plus10pct,PV area,+10%,32.0,65.0,200.0,2.0,250.0,1.1,201.0,8107.788461538462,99889.64973708589,19569.22596153846,5.104425179279443
Balikesir-Merkez.Havalimani.AP,Temperate / Windy Coastal,PVarea_2m2,PV area design,2 m²,32.0,65.0,200.0,2.0,250.0,2.0,201.0,8107.788461538462,181617.54497651977,19569.22596153846,9.28077305323535
Balikesir-Merkez.Havalimani.AP,Temperate / Windy Coastal,PVarea_3m2,PV area design,3 m²,32.0,65.0,200.0,2.0,250.0,3.0,201.0,8107.788461538462,272426.31746477965,19569.22596153846,13.921159579853024
Bandirma.AP,Temperate / Windy Coastal,Baseline,Baseline,baseline,32.0,65.0,200.0,2.0,250.0,1.0,22.0,698.4576923076922,89943.7253600363,3059.1201923076924,29.40182788051421
Bandirma.AP,Temperate / Windy Coastal,Tset_minus10pct,Tset,-10%,28.8,65.0,200.0,2.0,250.0,1.0,242.0,8167.580769230768,89943.7253600363,19939.793269230766,4.510765189267488
Bandirma.AP,Temperate / Windy Coastal,Tset_plus10pct,Tset,+10%,35.2,65.0,200.0,2.0,250.0,1.0,0.0,0.0,89943.7253600363,1472.0,61.10307429350292
Bandirma.AP,Temperate / Windy Coastal,RHmax_minus10pct,RHmax,-10%,32.0,58.5,200.0,2.0,250.0,1.0,22.0,690.8557692307692,89943.7253600363,3043.2828525641025,29.554835918145
Bandirma.AP,Temperate / Windy Coastal,RHmax_plus10pct,RHmax,+10%,32.0,71.5,200.0,2.0,250.0,1.0,22.0,704.6774475524476,89943.7253600363,3072.0780157342656,29.277812900379292
Bandirma.AP,Temperate / Windy Coastal,Gmin_minus10pct,Gmin,-10%,32.0,65.0,180.0,2.0,250.0,1.0,22.0,698.4576923076922,89943.7253600363,3059.1201923076924,29.40182788051421
Bandirma.AP,Temperate / Windy Coastal,Gmin_plus10pct,Gmin,+10%,32.0,65.0,220.00000000000003,2.0,250.0,1.0,22.0,698.4576923076922,89943.7253600363,3059.1201923076924,29.40182788051421
Bandirma.AP,Temperate / Windy Coastal,Flow_minus10pct,Water flow rate,-10%,32.0,65.0,200.0,1.8,250.0,1.0,22.0,628.6119230769231,89943.7253600363,3059.1201923076924,29.40182788051421
Bandirma.AP,Temperate / Windy Coastal,Flow_plus10pct,Water flow rate,+10%,32.0,65.0,200.0,2.2,250.0,1.0,22.0,768.3034615384615,89943.7253600363,3059.1201923076924,29.40182788051421
Bandirma.AP,Temperate / Windy Coastal,Pump_minus10pct,Pump power,-10%,32.0,65.0,200.0,2.0,225.0,1.0,22.0,698.4576923076922,89943.7253600363,2913.608173076923,30.870220021744043
Bandirma.AP,Temperate / Windy Coastal,Pump_plus10pct,Pump power,+10%,32.0,65.0,200.0,2.0,275.0,1.0,22.0,698.4576923076922,89943.7253600363,3204.6322115384614,28.066785647410263
Bandirma.AP,Temperate / Windy Coastal,PVarea_minus10pct,PV area,-10%,32.0,65.0,200.0,2.0,250.0,0.9,22.0,698.4576923076922,80949.35282403267,3059.1201923076924,26.46164509246279
Bandirma.AP,Temperate / Windy Coastal,PVarea_plus10pct,PV area,+10%,32.0,65.0,200.0,2.0,250.0,1.1,22.0,698.4576923076922,98938.09789603994,3059.1201923076924,32.342010668565635
Bandirma.AP,Temperate / Windy Coastal,PVarea_2m2,PV area design,2 m²,32.0,65.0,200.0,2.0,250.0,2.0,22.0,698.4576923076922,179887.4507200726,3059.1201923076924,58.80365576102842
Bandirma.AP,Temperate / Windy Coastal,PVarea_3m2,PV area design,3 m²,32.0,65.0,200.0,2.0,250.0,3.0,22.0,698.4576923076922,269831.1760801089,3059.1201923076924,88.20548364154263
Bolu,Temperate Humid Transitional,Baseline,Baseline,baseline,32.0,65.0,200.0,2.0,250.0,1.0,37.0,1327.5576923076924,85263.93352857228,4459.745192307692,19.11856616284674
Bolu,Temperate Humid Transitional,Tset_minus10pct,Tset,-10%,28.8,65.0,200.0,2.0,250.0,1.0,105.0,4148.567307692308,85263.93352857228,10744.848557692307,7.93533134234184
Bolu,Temperate Humid Transitional,Tset_plus10pct,Tset,+10%,35.2,65.0,200.0,2.0,250.0,1.0,4.0,142.75961538461536,85263.93352857228,1793.4158653846152,47.542756353550274
Bolu,Temperate Humid Transitional,RHmax_minus10pct,RHmax,-10%,32.0,58.5,200.0,2.0,250.0,1.0,37.0,1282.855769230769,85263.93352857228,4366.616185897436,19.526317381395558
Bolu,Temperate Humid Transitional,RHmax_plus10pct,RHmax,+10%,32.0,71.5,200.0,2.0,250.0,1.0,37.0,1364.131993006993,85263.93352857228,4535.941652097902,18.79740527286923
Bolu,Temperate Humid Transitional,Gmin_minus10pct,Gmin,-10%,32.0,65.0,180.0,2.0,250.0,1.0,37.0,1327.5576923076924,85263.93352857228,4459.745192307692,19.11856616284674
Bolu,Temperate Humid Transitional,Gmin_plus10pct,Gmin,+10%,32.0,65.0,220.00000000000003,2.0,250.0,1.0,37.0,1327.5576923076924,85263.93352857228,4459.745192307692,19.11856616284674
Bolu,Temperate Humid Transitional,Flow_minus10pct,Water flow rate,-10%,32.0,65.0,200.0,1.8,250.0,1.0,37.0,1194.8019230769232,85263.93352857228,4459.745192307692,19.11856616284674
Bolu,Temperate Humid Transitional,Flow_plus10pct,Water flow rate,+10%,32.0,65.0,200.0,2.2,250.0,1.0,37.0,1460.3134615384615,85263.93352857228,4459.745192307692,19.11856616284674
Bolu,Temperate Humid Transitional,Pump_minus10pct,Pump power,-10%,32.0,65.0,200.0,2.0,225.0,1.0,37.0,1327.5576923076924,85263.93352857228,4183.170673076923,20.382609315305935
Bolu,Temperate Humid Transitional,Pump_plus10pct,Pump power,+10%,32.0,65.0,200.0,2.0,275.0,1.0,37.0,1327.5576923076924,85263.93352857228,4736.319711538461,18.002149078081697
Bolu,Temperate Humid Transitional,PVarea_minus10pct,PV area,-10%,32.0,65.0,200.0,2.0,250.0,0.9,37.0,1327.5576923076924,76737.54017571505,4459.745192307692,17.206709546562067
Bolu,Temperate Humid Transitional,PVarea_plus10pct,PV area,+10%,32.0,65.0,200.0,2.0,250.0,1.1,37.0,1327.5576923076924,93790.32688142952,4459.745192307692,21.030422779131417
Bolu,Temperate Humid Transitional,PVarea_2m2,PV area design,2 m²,32.0,65.0,200.0,2.0,250.0,2.0,37.0,1327.5576923076924,170527.86705714455,4459.745192307692,38.23713232569348
Bolu,Temperate Humid Transitional,PVarea_3m2,PV area design,3 m²,32.0,65.0,200.0,2.0,250.0,3.0,37.0,1327.5576923076924,255791.80058571685,4459.745192307692,57.35569848854023
Batman.AP,Hot–Dry Inland,Baseline,Baseline,baseline,32.0,65.0,200.0,2.0,250.0,1.0,631.0,48260.25576923077,92536.18223024215,105800.19951923075,0.8746314529720932
Batman.AP,Hot–Dry Inland,Tset_minus10pct,Tset,-10%,28.8,65.0,200.0,2.0,250.0,1.0,704.0,60610.2,92536.18223024215,131967.25,0.7012056569356575
Batman.AP,Hot–Dry Inland,Tset_plus10pct,Tset,+10%,35.2,65.0,200.0,2.0,250.0,1.0,472.0,29476.182692307684,92536.18223024215,65712.71394230767,1.4081929763467702
Batman.AP,Hot–Dry Inland,RHmax_minus10pct,RHmax,-10%,32.0,58.5,200.0,2.0,250.0,1.0,631.0,47375.54807692308,92536.18223024215,103957.05849358975,0.8901385203771244
Batman.AP,Hot–Dry Inland,RHmax_plus10pct,RHmax,+10%,32.0,71.5,200.0,2.0,250.0,1.0,631.0,48984.107517482524,92536.18223024215,107308.22399475524,0.8623400778188717
Batman.AP,Hot–Dry Inland,Gmin_minus10pct,Gmin,-10%,32.0,65.0,180.0,2.0,250.0,1.0,631.0,48260.25576923077,92536.18223024215,105800.19951923075,0.8746314529720932
Batman.AP,Hot–Dry Inland,Gmin_plus10pct,Gmin,+10%,32.0,65.0,220.00000000000003,2.0,250.0,1.0,631.0,48260.25576923077,92536.18223024215,105800.19951923075,0.8746314529720932
Batman.AP,Hot–Dry Inland,Flow_minus10pct,Water flow rate,-10%,32.0,65.0,200.0,1.8,250.0,1.0,631.0,43434.23019230769,92536.18223024215,105800.19951923075,0.8746314529720932
Batman.AP,Hot–Dry Inland,Flow_plus10pct,Water flow rate,+10%,32.0,65.0,200.0,2.2,250.0,1.0,631.0,53086.281346153846,92536.18223024215,105800.19951923075,0.8746314529720932
Batman.AP,Hot–Dry Inland,Pump_minus10pct,Pump power,-10%,32.0,65.0,200.0,2.0,225.0,1.0,631.0,48260.25576923077,92536.18223024215,95745.97956730769,0.9664759047683135
Batman.AP,Hot–Dry Inland,Pump_plus10pct,Pump power,+10%,32.0,65.0,200.0,2.0,275.0,1.0,631.0,48260.25576923077,92536.18223024215,115854.41947115384,0.7987281163087817
Batman.AP,Hot–Dry Inland,PVarea_minus10pct,PV area,-10%,32.0,65.0,200.0,2.0,250.0,0.9,631.0,48260.25576923077,83282.56400721794,105800.19951923075,0.7871683076748839
Batman.AP,Hot–Dry Inland,PVarea_plus10pct,PV area,+10%,32.0,65.0,200.0,2.0,250.0,1.1,631.0,48260.25576923077,101789.80045326638,105800.19951923075,0.9620945982693027
Batman.AP,Hot–Dry Inland,PVarea_2m2,PV area design,2 m²,32.0,65.0,200.0,2.0,250.0,2.0,631.0,48260.25576923077,185072.3644604843,105800.19951923075,1.7492629059441864
Batman.AP,Hot–Dry Inland,PVarea_3m2,PV area design,3 m²,32.0,65.0,200.0,2.0,250.0,3.0,631.0,48260.25576923077,277608.5466907264,105800.19951923075,2.6238943589162793
Bartin,Temperate Humid Transitional,Baseline,Baseline,baseline,32.0,65.0,200.0,2.0,250.0,1.0,6.0,186.64615384615382,83511.22858589087,1896.8461538461538,44.02635839314576
Bartin,Temperate Humid Transitional,Tset_minus10pct,Tset,-10%,28.8,65.0,200.0,2.0,250.0,1.0,243.0,7868.7692307692305,83511.22858589087,19323.26923076923,4.321796047477957
Bartin,Temperate Humid Transitional,Tset_plus10pct,Tset,+10%,35.2,65.0,200.0,2.0,250.0,1.0,0.0,0.0,83511.22858589087,1472.0,56.73317159367586
Bartin,Temperate Humid Transitional,RHmax_minus10pct,RHmax,-10%,32.0,58.5,200.0,2.0,250.0,1.0,6.0,185.1346153846154,83511.22858589087,1893.6971153846152,44.099570046041656
Bartin,Temperate Humid Transitional,RHmax_plus10pct,RHmax,+10%,32.0,71.5,200.0,2.0,250.0,1.0,6.0,187.88286713286715,83511.22858589087,1899.42263986014,43.96663851076349
Bartin,Temperate Humid Transitional,Gmin_minus10pct,Gmin,-10%,32.0,65.0,180.0,2.0,250.0,1.0,6.0,186.64615384615382,83511.22858589087,1896.8461538461538,44.02635839314576
Bartin,Temperate Humid Transitional,Gmin_plus10pct,Gmin,+10%,32.0,65.0,220.00000000000003,2.0,250.0,1.0,6.0,186.64615384615382,83511.22858589087,1896.8461538461538,44.02635839314576
Bartin,Temperate Humid Transitional,Flow_minus10pct,Water flow rate,-10%,32.0,65.0,200.0,1.8,250.0,1.0,6.0,167.98153846153843,83511.22858589087,1896.8461538461538,44.02635839314576
Bartin,Temperate Humid Transitional,Flow_plus10pct,Water flow rate,+10%,32.0,65.0,200.0,2.2,250.0,1.0,6.0,205.31076923076924,83511.22858589087,1896.8461538461538,44.02635839314576
Bartin,Temperate Humid Transitional,Pump_minus10pct,Pump power,-10%,32.0,65.0,200.0,2.0,225.0,1.0,6.0,186.64615384615382,83511.22858589087,1857.9615384615386,44.947770369370126
Bartin,Temperate Humid Transitional,Pump_plus10pct,Pump power,+10%,32.0,65.0,200.0,2.0,275.0,1.0,6.0,186.64615384615382,83511.22858589087,1935.730769230769,43.1419647366958
Bartin,Temperate Humid Transitional,PVarea_minus10pct,PV area,-10%,32.0,65.0,200.0,2.0,250.0,0.9,6.0,186.64615384615382,75160.1057273018,1896.8461538461538,39.62372255383119
Bartin,Temperate Humid Transitional,PVarea_plus10pct,PV area,+10%,32.0,65.0,200.0,2.0,250.0,1.1,6.0,186.64615384615382,91862.35144447997,1896.8461538461538,48.42899423246034
Bartin,Temperate Humid Transitional,PVarea_2m2,PV area design,2 m²,32.0,65.0,200.0,2.0,250.0,2.0,6.0,186.64615384615382,167022.45717178175,1896.8461538461538,88.05271678629153
Bartin,Temperate Humid Transitional,PVarea_3m2,PV area design,3 m²,32.0,65.0,200.0,2.0,250.0,3.0,6.0,186.64615384615382,250533.68575767262,1896.8461538461538,132.0790751794373
Tatvan,Semi-Arid Plateau,Baseline,Baseline,baseline,32.0,65.0,200.0,2.0,250.0,1.0,14.0,522.4096153846153,93956.85989390513,2644.3533653846152,35.531128752998306
Tatvan,Semi-Arid Plateau,Tset_minus10pct,Tset,-10%,28.8,65.0,200.0,2.0,250.0,1.0,88.0,3839.1288461538456,93956.85989390513,9998.185096153846,9.397391525592875
Tatvan,Semi-Arid Plateau,Tset_plus10pct,Tset,+10%,35.2,65.0,200.0,2.0,250.0,1.0,0.0,0.0,93956.85989390513,1472.0,63.8293885148812
Tatvan,Semi-Arid Plateau,RHmax_minus10pct,RHmax,-10%,32.0,58.5,200.0,2.0,250.0,1.0,14.0,519.0384615384614,93956.85989390513,2637.330128205128,35.62574851326966
Tatvan,Semi-Arid Plateau,RHmax_plus10pct,RHmax,+10%,32.0,71.5,200.0,2.0,250.0,1.0,14.0,525.1678321678321,93956.85989390513,2650.09965034965,35.45408561580264
Tatvan,Semi-Arid Plateau,Gmin_minus10pct,Gmin,-10%,32.0,65.0,180.0,2.0,250.0,1.0,14.0,522.4096153846153,93956.85989390513,2644.3533653846152,35.531128752998306
Tatvan,Semi-Arid Plateau,Gmin_plus10pct,Gmin,+10%,32.0,65.0,220.00000000000003,2.0,250.0,1.0,14.0,522.4096153846153,93956.85989390513,2644.3533653846152,35.531128752998306
Tatvan,Semi-Arid Plateau,Flow_minus10pct,Water flow rate,-10%,32.0,65.0,200.0,1.8,250.0,1.0,14.0,470.1686538461538,93956.85989390513,2644.3533653846152,35.531128752998306
Tatvan,Semi-Arid Plateau,Flow_plus10pct,Water flow rate,+10%,32.0,65.0,200.0,2.2,250.0,1.0,14.0,574.6505769230768,93956.85989390513,2644.3533653846152,35.531128752998306
Tatvan,Semi-Arid Plateau,Pump_minus10pct,Pump power,-10%,32.0,65.0,200.0,2.0,225.0,1.0,14.0,522.4096153846153,93956.85989390513,2535.5180288461534,37.056277583110855
Tatvan,Semi-Arid Plateau,Pump_plus10pct,Pump power,+10%,32.0,65.0,200.0,2.0,275.0,1.0,14.0,522.4096153846153,93956.85989390513,2753.1887019230767,34.12656016940544
Tatvan,Semi-Arid Plateau,PVarea_minus10pct,PV area,-10%,32.0,65.0,200.0,2.0,250.0,0.9,14.0,522.4096153846153,84561.17390451462,2644.3533653846152,31.978015877698475
Tatvan,Semi-Arid Plateau,PVarea_plus10pct,PV area,+10%,32.0,65.0,200.0,2.0,250.0,1.1,14.0,522.4096153846153,103352.54588329565,2644.3533653846152,39.08424162829814
Tatvan,Semi-Arid Plateau,PVarea_2m2,PV area design,2 m²,32.0,65.0,200.0,2.0,250.0,2.0,14.0,522.4096153846153,187913.71978781026,2644.3533653846152,71.06225750599661
Tatvan,Semi-Arid Plateau,PVarea_3m2,PV area design,3 m²,32.0,65.0,200.0,2.0,250.0,3.0,14.0,522.4096153846153,281870.5796817154,2644.3533653846152,106.59338625899491
Ayvalik,Humid Mediterranean Coastal,Baseline,Baseline,baseline,32.0,65.0,200.0,2.0,250.0,1.0,198.0,6548.140384615385,94913.08990479523,16301.959134615387,5.822189168862404
Ayvalik,Humid Mediterranean Coastal,Tset_minus10pct,Tset,-10%,28.8,65.0,200.0,2.0,250.0,1.0,465.0,16944.957692307693,94913.08990479523,39563.995192307695,2.398976378483862
Ayvalik,Humid Mediterranean Coastal,Tset_plus10pct,Tset,+10%,35.2,65.0,200.0,2.0,250.0,1.0,16.0,499.1942307692308,94913.08990479523,2607.9879807692305,36.39322366692827
Ayvalik,Humid Mediterranean Coastal,RHmax_minus10pct,RHmax,-10%,32.0,58.5,200.0,2.0,250.0,1.0,168.0,5384.490384615385,94913.08990479523,13697.688301282053,6.92913196863384
Ayvalik,Humid Mediterranean Coastal,RHmax_plus10pct,RHmax,+10%,32.0,71.5,200.0,2.0,250.0,1.0,200.0,6845.449300699301,94913.08990479523,16933.35270979021,5.605097320740277
Ayvalik,Humid Mediterranean Coastal,Gmin_minus10pct,Gmin,-10%,32.0,65.0,180.0,2.0,250.0,1.0,198.0,6548.140384615385,94913.08990479523,16301.959134615387,5.822189168862404
Ayvalik,Humid Mediterranean Coastal,Gmin_plus10pct,Gmin,+10%,32.0,65.0,220.00000000000003,2.0,250.0,1.0,198.0,6548.140384615385,94913.08990479523,16301.959134615387,5.822189168862404
Ayvalik,Humid Mediterranean Coastal,Flow_minus10pct,Water flow rate,-10%,32.0,65.0,200.0,1.8,250.0,1.0,198.0,5893.326346153846,94913.08990479523,16301.959134615387,5.822189168862404
Ayvalik,Humid Mediterranean Coastal,Flow_plus10pct,Water flow rate,+10%,32.0,65.0,200.0,2.2,250.0,1.0,198.0,7202.9544230769225,94913.08990479523,16301.959134615387,5.822189168862404
Ayvalik,Humid Mediterranean Coastal,Pump_minus10pct,Pump power,-10%,32.0,65.0,200.0,2.0,225.0,1.0,198.0,6548.140384615385,94913.08990479523,14937.763221153848,6.353902421641397
Ayvalik,Humid Mediterranean Coastal,Pump_plus10pct,Pump power,+10%,32.0,65.0,200.0,2.0,275.0,1.0,198.0,6548.140384615385,94913.08990479523,17666.155048076926,5.372594639099305
Ayvalik,Humid Mediterranean Coastal,PVarea_minus10pct,PV area,-10%,32.0,65.0,200.0,2.0,250.0,0.9,198.0,6548.140384615385,85421.7809143157,16301.959134615387,5.239970251976163
Ayvalik,Humid Mediterranean Coastal,PVarea_plus10pct,PV area,+10%,32.0,65.0,200.0,2.0,250.0,1.1,198.0,6548.140384615385,104404.39889527476,16301.959134615387,6.404408085748645
Ayvalik,Humid Mediterranean Coastal,PVarea_2m2,PV area design,2 m²,32.0,65.0,200.0,2.0,250.0,2.0,198.0,6548.140384615385,189826.17980959045,16301.959134615387,11.644378337724808
Ayvalik,Humid Mediterranean Coastal,PVarea_3m2,PV area design,3 m²,32.0,65.0,200.0,2.0,250.0,3.0,198.0,6548.140384615385,284739.2697143857,16301.959134615387,17.46656750658721
Bursa.AP,Temperate Humid Transitional,Baseline,Baseline,baseline,32.0,65.0,200.0,2.0,250.0,1.0,166.0,6477.946153846155,85809.21442059075,15963.721153846154,5.3752639245967195
Bursa.AP,Temperate Humid Transitional,Tset_minus10pct,Tset,-10%,28.8,65.0,200.0,2.0,250.0,1.0,398.0,16780.71923076923,85809.21442059075,38819.831730769234,2.2104478714825797
Bursa.AP,Temperate Humid Transitional,Tset_plus10pct,Tset,+10%,35.2,65.0,200.0,2.0,250.0,1.0,36.0,1271.3711538461534,85809.21442059075,4336.689903846153,19.786799684360112
Bursa.AP,Temperate Humid Transitional,RHmax_minus10pct,RHmax,-10%,32.0,58.5,200.0,2.0,250.0,1.0,165.0,6218.134615384616,85809.21442059075,15416.447115384615,5.566082365044974
Bursa.AP,Temperate Humid Transitional,RHmax_plus10pct,RHmax,+10%,32.0,71.5,200.0,2.0,250.0,1.0,166.0,6666.2805944055945,85809.21442059075,16356.08457167832,5.246317603980557
Bursa.AP,Temperate Humid Transitional,Gmin_minus10pct,Gmin,-10%,32.0,65.0,180.0,2.0,250.0,1.0,166.0,6477.946153846155,85809.21442059075,15963.721153846154,5.3752639245967195
Bursa.AP,Temperate Humid Transitional,Gmin_plus10pct,Gmin,+10%,32.0,65.0,220.00000000000003,2.0,250.0,1.0,166.0,6477.946153846155,85809.21442059075,15963.721153846154,5.3752639245967195
Bursa.AP,Temperate Humid Transitional,Flow_minus10pct,Water flow rate,-10%,32.0,65.0,200.0,1.8,250.0,1.0,166.0,5830.151538461539,85809.21442059075,15963.721153846154,5.3752639245967195
Bursa.AP,Temperate Humid Transitional,Flow_plus10pct,Water flow rate,+10%,32.0,65.0,200.0,2.2,250.0,1.0,166.0,7125.740769230768,85809.21442059075,15963.721153846154,5.3752639245967195
Bursa.AP,Temperate Humid Transitional,Pump_minus10pct,Pump power,-10%,32.0,65.0,200.0,2.0,225.0,1.0,166.0,6477.946153846155,85809.21442059075,14614.149038461539,5.871653162613707
Bursa.AP,Temperate Humid Transitional,Pump_plus10pct,Pump power,+10%,32.0,65.0,200.0,2.0,275.0,1.0,166.0,6477.946153846155,85809.21442059075,17313.293269230766,4.956261820683829
Bursa.AP,Temperate Humid Transitional,PVarea_minus10pct,PV area,-10%,32.0,65.0,200.0,2.0,250.0,0.9,166.0,6477.946153846155,77228.29297853168,15963.721153846154,4.837737532137048
Bursa.AP,Temperate Humid Transitional,PVarea_plus10pct,PV area,+10%,32.0,65.0,200.0,2.0,250.0,1.1,166.0,6477.946153846155,94390.13586264984,15963.721153846154,5.912790317056392
Bursa.AP,Temperate Humid Transitional,PVarea_2m2,PV area design,2 m²,32.0,65.0,200.0,2.0,250.0,2.0,166.0,6477.946153846155,171618.4288411815,15963.721153846154,10.750527849193439
Bursa.AP,Temperate Humid Transitional,PVarea_3m2,PV area design,3 m²,32.0,65.0,200.0,2.0,250.0,3.0,166.0,6477.946153846155,257427.64326177226,15963.721153846154,16.12579177379016
Cankiri,Semi-Arid Plateau,Baseline,Baseline,baseline,32.0,65.0,200.0,2.0,250.0,1.0,164.0,8683.090384615385,85935.75901404285,20545.771634615387,4.182649381211792
Cankiri,Semi-Arid Plateau,Tset_minus10pct,Tset,-10%,28.8,65.0,200.0,2.0,250.0,1.0,353.0,20074.25192307692,85935.75901404285,45411.35817307692,1.8923846912156808
Cankiri,Semi-Arid Plateau,Tset_plus10pct,Tset,+10%,35.2,65.0,200.0,2.0,250.0,1.0,63.0,2870.7923076923066,85935.75901404285,7830.817307692305,10.974047233821574
Cankiri,Semi-Arid Plateau,RHmax_minus10pct,RHmax,-10%,32.0,58.5,200.0,2.0,250.0,1.0,164.0,8542.836538461539,85935.75901404285,20253.576121794875,4.242991879422586
Cankiri,Semi-Arid Plateau,RHmax_plus10pct,RHmax,+10%,32.0,71.5,200.0,2.0,250.0,1.0,164.0,8797.843531468532,85935.75901404285,20784.840690559442,4.134540182118173
Cankiri,Semi-Arid Plateau,Gmin_minus10pct,Gmin,-10%,32.0,65.0,180.0,2.0,250.0,1.0,166.0,8804.878846153846,85935.75901404285,20811.497596153848,4.129244357211687
Cankiri,Semi-Arid Plateau,Gmin_plus10pct,Gmin,+10%,32.0,65.0,220.00000000000003,2.0,250.0,1.0,161.0,8558.596153846154,85935.75901404285,20268.408653846156,4.2398868348125385
Cankiri,Semi-Arid Plateau,Flow_minus10pct,Water flow rate,-10%,32.0,65.0,200.0,1.8,250.0,1.0,164.0,7814.781346153846,85935.75901404285,20545.771634615387,4.182649381211792
Cankiri,Semi-Arid Plateau,Flow_plus10pct,Water flow rate,+10%,32.0,65.0,200.0,2.2,250.0,1.0,164.0,9551.399423076924,85935.75901404285,20545.771634615387,4.182649381211792
Cankiri,Semi-Arid Plateau,Pump_minus10pct,Pump power,-10%,32.0,65.0,200.0,2.0,225.0,1.0,164.0,8683.090384615385,85935.75901404285,18736.794471153848,4.58647070854862
Cankiri,Semi-Arid Plateau,Pump_plus10pct,Pump power,+10%,32.0,65.0,200.0,2.0,275.0,1.0,164.0,8683.090384615385,85935.75901404285,22354.748798076926,3.844183613525351
Cankiri,Semi-Arid Plateau,PVarea_minus10pct,PV area,-10%,32.0,65.0,200.0,2.0,250.0,0.9,164.0,8683.090384615385,77342.18311263857,20545.771634615387,3.7643844430906137
Cankiri,Semi-Arid Plateau,PVarea_plus10pct,PV area,+10%,32.0,65.0,200.0,2.0,250.0,1.1,164.0,8683.090384615385,94529.33491544715,20545.771634615387,4.600914319332973
Cankiri,Semi-Arid Plateau,PVarea_2m2,PV area design,2 m²,32.0,65.0,200.0,2.0,250.0,2.0,164.0,8683.090384615385,171871.5180280857,20545.771634615387,8.365298762423585
Cankiri,Semi-Arid Plateau,PVarea_3m2,PV area design,3 m²,32.0,65.0,200.0,2.0,250.0,3.0,164.0,8683.090384615385,257807.27704212855,20545.771634615387,12.547948143635379
Bozcaada,Temperate / Windy Coastal,Baseline,Baseline,baseline,32.0,65.0,200.0,2.0,250.0,1.0,0.0,0.0,98558.60278063621,1472.0,66.95557254119308
Bozcaada,Temperate / Windy Coastal,Tset_minus10pct,Tset,-10%,28.8,65.0,200.0,2.0,250.0,1.0,69.0,2120.6423076923074,98558.60278063621,6304.004807692308,15.634284203015278
Bozcaada,Temperate / Windy Coastal,Tset_plus10pct,Tset,+10%,35.2,65.0,200.0,2.0,250.0,1.0,0.0,0.0,98558.60278063621,1472.0,66.95557254119308
Bozcaada,Temperate / Windy Coastal,RHmax_minus10pct,RHmax,-10%,32.0,58.5,200.0,2.0,250.0,1.0,0.0,0.0,98558.60278063621,1472.0,66.95557254119308
Bozcaada,Temperate / Windy Coastal,RHmax_plus10pct,RHmax,+10%,32.0,71.5,200.0,2.0,250.0,1.0,0.0,0.0,98558.60278063621,1472.0,66.95557254119308
Bozcaada,Temperate / Windy Coastal,Gmin_minus10pct,Gmin,-10%,32.0,65.0,180.0,2.0,250.0,1.0,0.0,0.0,98558.60278063621,1472.0,66.95557254119308
Bozcaada,Temperate / Windy Coastal,Gmin_plus10pct,Gmin,+10%,32.0,65.0,220.00000000000003,2.0,250.0,1.0,0.0,0.0,98558.60278063621,1472.0,66.95557254119308
Bozcaada,Temperate / Windy Coastal,Flow_minus10pct,Water flow rate,-10%,32.0,65.0,200.0,1.8,250.0,1.0,0.0,0.0,98558.60278063621,1472.0,66.95557254119308
Bozcaada,Temperate / Windy Coastal,Flow_plus10pct,Water flow rate,+10%,32.0,65.0,200.0,2.2,250.0,1.0,0.0,0.0,98558.60278063621,1472.0,66.95557254119308
Bozcaada,Temperate / Windy Coastal,Pump_minus10pct,Pump power,-10%,32.0,65.0,200.0,2.0,225.0,1.0,0.0,0.0,98558.60278063621,1472.0,66.95557254119308
Bozcaada,Temperate / Windy Coastal,Pump_plus10pct,Pump power,+10%,32.0,65.0,200.0,2.0,275.0,1.0,0.0,0.0,98558.60278063621,1472.0,66.95557254119308
Bozcaada,Temperate / Windy Coastal,PVarea_minus10pct,PV area,-10%,32.0,65.0,200.0,2.0,250.0,0.9,0.0,0.0,88702.7425025726,1472.0,60.26001528707378
Bozcaada,Temperate / Windy Coastal,PVarea_plus10pct,PV area,+10%,32.0,65.0,200.0,2.0,250.0,1.1,0.0,0.0,108414.46305869984,1472.0,73.65112979531239
Bozcaada,Temperate / Windy Coastal,PVarea_2m2,PV area design,2 m²,32.0,65.0,200.0,2.0,250.0,2.0,0.0,0.0,197117.20556127242,1472.0,133.91114508238616
Bozcaada,Temperate / Windy Coastal,PVarea_3m2,PV area design,3 m²,32.0,65.0,200.0,2.0,250.0,3.0,0.0,0.0,295675.8083419086,1472.0,200.86671762357923
Canakkale,Temperate / Windy Coastal,Baseline,Baseline,baseline,32.0,65.0,200.0,2.0,250.0,1.0,123.0,4088.2673076923074,93931.2277677572,10727.223557692309,8.756341029212608
Canakkale,Temperate / Windy Coastal,Tset_minus10pct,Tset,-10%,28.8,65.0,200.0,2.0,250.0,1.0,381.0,14858.411538461536,93931.2277677572,34713.02403846154,2.7059361830211834
Canakkale,Temperate / Windy Coastal,Tset_plus10pct,Tset,+10%,35.2,65.0,200.0,2.0,250.0,1.0,2.0,66.78461538461536,93931.2277677572,1623.1346153846152,57.8702634257476
Canakkale,Temperate / Windy Coastal,RHmax_minus10pct,RHmax,-10%,32.0,58.5,200.0,2.0,250.0,1.0,123.0,4015.144230769231,93931.2277677572,10574.883814102564,8.882483194991837
Canakkale,Temperate / Windy Coastal,RHmax_plus10pct,RHmax,+10%,32.0,71.5,200.0,2.0,250.0,1.0,123.0,4148.09527972028,93931.2277677572,10851.865166083917,8.655768048180965
Canakkale,Temperate / Windy Coastal,Gmin_minus10pct,Gmin,-10%,32.0,65.0,180.0,2.0,250.0,1.0,123.0,4088.2673076923074,93931.2277677572,10727.223557692309,8.756341029212608
Canakkale,Temperate / Windy Coastal,Gmin_plus10pct,Gmin,+10%,32.0,65.0,220.00000000000003,2.0,250.0,1.0,123.0,4088.2673076923074,93931.2277677572,10727.223557692309,8.756341029212608
Canakkale,Temperate / Windy Coastal,Flow_minus10pct,Water flow rate,-10%,32.0,65.0,200.0,1.8,250.0,1.0,123.0,3679.440576923077,93931.2277677572,10727.223557692309,8.756341029212608
Canakkale,Temperate / Windy Coastal,Flow_plus10pct,Water flow rate,+10%,32.0,65.0,200.0,2.2,250.0,1.0,123.0,4497.094038461539,93931.2277677572,10727.223557692309,8.756341029212608
Canakkale,Temperate / Windy Coastal,Pump_minus10pct,Pump power,-10%,32.0,65.0,200.0,2.0,225.0,1.0,123.0,4088.2673076923074,93931.2277677572,9875.501201923076,9.511540310426552
Canakkale,Temperate / Windy Coastal,Pump_plus10pct,Pump power,+10%,32.0,65.0,200.0,2.0,275.0,1.0,123.0,4088.2673076923074,93931.2277677572,11578.945913461539,8.112243417473254
Canakkale,Temperate / Windy Coastal,PVarea_minus10pct,PV area,-10%,32.0,65.0,200.0,2.0,250.0,0.9,123.0,4088.2673076923074,84538.10499098148,10727.223557692309,7.880706926291347
Canakkale,Temperate / Windy Coastal,PVarea_plus10pct,PV area,+10%,32.0,65.0,200.0,2.0,250.0,1.1,123.0,4088.2673076923074,103324.35054453292,10727.223557692309,9.631975132133869
Canakkale,Temperate / Windy Coastal,PVarea_2m2,PV area design,2 m²,32.0,65.0,200.0,2.0,250.0,2.0,123.0,4088.2673076923074,187862.4555355144,10727.223557692309,17.512682058425217
Canakkale,Temperate / Windy Coastal,PVarea_3m2,PV area design,3 m²,32.0,65.0,200.0,2.0,250.0,3.0,123.0,4088.2673076923074,281793.6833032716,10727.223557692309,26.269023087637823
Gokceada.AP,Temperate / Windy Coastal,Baseline,Baseline,baseline,32.0,65.0,200.0,2.0,250.0,1.0,21.0,634.7249999999999,93333.21339878943,2920.34375,31.959666870994017
Gokceada.AP,Temperate / Windy Coastal,Tset_minus10pct,Tset,-10%,28.8,65.0,200.0,2.0,250.0,1.0,192.0,6140.526923076923,93333.21339878943,15416.764423076924,6.054007886316376
Gokceada.AP,Temperate / Windy Coastal,Tset_plus10pct,Tset,+10%,35.2,65.0,200.0,2.0,250.0,1.0,0.0,0.0,93333.21339878943,1472.0,63.4057156241776
Gokceada.AP,Temperate / Windy Coastal,RHmax_minus10pct,RHmax,-10%,32.0,58.5,200.0,2.0,250.0,1.0,0.0,0.0,93333.21339878943,1472.0,63.4057156241776
Gokceada.AP,Temperate / Windy Coastal,RHmax_plus10pct,RHmax,+10%,32.0,71.5,200.0,2.0,250.0,1.0,42.0,1289.9344405594406,93333.21339878943,4411.363417832168,21.157452823203407
Gokceada.AP,Temperate / Windy Coastal,Gmin_minus10pct,Gmin,-10%,32.0,65.0,180.0,2.0,250.0,1.0,21.0,634.7249999999999,93333.21339878943,2920.34375,31.959666870994017
Gokceada.AP,Temperate / Windy Coastal,Gmin_plus10pct,Gmin,+10%,32.0,65.0,220.00000000000003,2.0,250.0,1.0,21.0,634.7249999999999,93333.21339878943,2920.34375,31.959666870994017
Gokceada.AP,Temperate / Windy Coastal,Flow_minus10pct,Water flow rate,-10%,32.0,65.0,200.0,1.8,250.0,1.0,21.0,571.2525,93333.21339878943,2920.34375,31.959666870994017
Gokceada.AP,Temperate / Windy Coastal,Flow_plus10pct,Water flow rate,+10%,32.0,65.0,200.0,2.2,250.0,1.0,21.0,698.1975,93333.21339878943,2920.34375,31.959666870994017
Gokceada.AP,Temperate / Windy Coastal,Pump_minus10pct,Pump power,-10%,32.0,65.0,200.0,2.0,225.0,1.0,21.0,634.7249999999999,93333.21339878943,2788.109375,33.47544907516027
Gokceada.AP,Temperate / Windy Coastal,Pump_plus10pct,Pump power,+10%,32.0,65.0,200.0,2.0,275.0,1.0,21.0,634.7249999999999,93333.21339878943,3052.578125,30.575208750403213
Gokceada.AP,Temperate / Windy Coastal,PVarea_minus10pct,PV area,-10%,32.0,65.0,200.0,2.0,250.0,0.9,21.0,634.7249999999999,83999.8920589105,2920.34375,28.763700183894617
Gokceada.AP,Temperate / Windy Coastal,PVarea_plus10pct,PV area,+10%,32.0,65.0,200.0,2.0,250.0,1.1,21.0,634.7249999999999,102666.53473866839,2920.34375,35.15563355809342
Gokceada.AP,Temperate / Windy Coastal,PVarea_2m2,PV area design,2 m²,32.0,65.0,200.0,2.0,250.0,2.0,21.0,634.7249999999999,186666.42679757887,2920.34375,63.919333741988034
Gokceada.AP,Temperate / Windy Coastal,PVarea_3m2,PV area design,3 m²,32.0,65.0,200.0,2.0,250.0,3.0,21.0,634.7249999999999,279999.64019636833,2920.34375,95.87900061298207
Corum,Semi-Arid Plateau,Baseline,Baseline,baseline,32.0,65.0,200.0,2.0,250.0,1.0,85.0,3842.469230769231,85830.50686978831,9987.14423076923,8.5940990624081
Corum,Semi-Arid Plateau,Tset_minus10pct,Tset,-10%,28.8,65.0,200.0,2.0,250.0,1.0,257.0,12101.809615384615,85830.50686978831,28226.103365384617,3.040820256296782
Corum,Semi-Arid Plateau,Tset_plus10pct,Tset,+10%,35.2,65.0,200.0,2.0,250.0,1.0,20.0,836.5788461538458,85830.50686978831,3334.872596153845,25.737267135415557
Corum,Semi-Arid Plateau,RHmax_minus10pct,RHmax,-10%,32.0,58.5,200.0,2.0,250.0,1.0,85.0,3774.326923076923,85830.50686978831,9845.18108974359,8.718022155956474
Corum,Semi-Arid Plateau,RHmax_plus10pct,RHmax,+10%,32.0,71.5,200.0,2.0,250.0,1.0,85.0,3898.222027972028,85830.50686978831,10103.295891608392,8.495297751407788
Corum,Semi-Arid Plateau,Gmin_minus10pct,Gmin,-10%,32.0,65.0,180.0,2.0,250.0,1.0,85.0,3842.469230769231,85830.50686978831,9987.14423076923,8.5940990624081
Corum,Semi-Arid Plateau,Gmin_plus10pct,Gmin,+10%,32.0,65.0,220.00000000000003,2.0,250.0,1.0,82.0,3744.8192307692307,85830.50686978831,9765.70673076923,8.78897034654527
Corum,Semi-Arid Plateau,Flow_minus10pct,Water flow rate,-10%,32.0,65.0,200.0,1.8,250.0,1.0,85.0,3458.222307692308,85830.50686978831,9987.14423076923,8.5940990624081
Corum,Semi-Arid Plateau,Flow_plus10pct,Water flow rate,+10%,32.0,65.0,200.0,2.2,250.0,1.0,85.0,4226.716153846153,85830.50686978831,9987.14423076923,8.5940990624081
Corum,Semi-Arid Plateau,Pump_minus10pct,Pump power,-10%,32.0,65.0,200.0,2.0,225.0,1.0,85.0,3842.469230769231,85830.50686978831,9186.629807692309,9.34298090447916
Corum,Semi-Arid Plateau,Pump_plus10pct,Pump power,+10%,32.0,65.0,200.0,2.0,275.0,1.0,85.0,3842.469230769231,85830.50686978831,10787.658653846152,7.956361025493417
Corum,Semi-Arid Plateau,PVarea_minus10pct,PV area,-10%,32.0,65.0,200.0,2.0,250.0,0.9,85.0,3842.469230769231,77247.45618280949,9987.14423076923,7.734689156167291
Corum,Semi-Arid Plateau,PVarea_plus10pct,PV area,+10%,32.0,65.0,200.0,2.0,250.0,1.1,85.0,3842.469230769231,94413.55755676715,9987.14423076923,9.453508968648912
Corum,Semi-Arid Plateau,PVarea_2m2,PV area design,2 m²,32.0,65.0,200.0,2.0,250.0,2.0,85.0,3842.469230769231,171661.01373957662,9987.14423076923,17.1881981248162
Corum,Semi-Arid Plateau,PVarea_3m2,PV area design,3 m²,32.0,65.0,200.0,2.0,250.0,3.0,85.0,3842.469230769231,257491.52060936493,9987.14423076923,25.7822971872243
Denizli,Hot–Dry Inland,Baseline,Baseline,baseline,32.0,65.0,200.0,2.0,250.0,1.0,388.0,20895.80769230769,90903.59477902132,47332.932692307695,1.9205147369580695
Denizli,Hot–Dry Inland,Tset_minus10pct,Tset,-10%,28.8,65.0,200.0,2.0,250.0,1.0,573.0,37685.30192307692,90903.59477902132,83421.04567307692,1.0896961797298508
Denizli,Hot–Dry Inland,Tset_plus10pct,Tset,+10%,35.2,65.0,200.0,2.0,250.0,1.0,186.0,7661.803846153842,90903.59477902132,18550.091346153837,4.900439199069994
Denizli,Hot–Dry Inland,RHmax_minus10pct,RHmax,-10%,32.0,58.5,200.0,2.0,250.0,1.0,388.0,20477.48076923077,90903.59477902132,46461.418269230766,1.9565393861259406
Denizli,Hot–Dry Inland,RHmax_plus10pct,RHmax,+10%,32.0,71.5,200.0,2.0,250.0,1.0,388.0,21238.075174825175,90903.59477902132,48045.98994755244,1.8920121091948097
Denizli,Hot–Dry Inland,Gmin_minus10pct,Gmin,-10%,32.0,65.0,180.0,2.0,250.0,1.0,388.0,20895.80769230769,90903.59477902132,47332.932692307695,1.9205147369580695
Denizli,Hot–Dry Inland,Gmin_plus10pct,Gmin,+10%,32.0,65.0,220.00000000000003,2.0,250.0,1.0,384.0,20661.853846153845,90903.59477902132,46821.528846153844,1.9414913826866336
Denizli,Hot–Dry Inland,Flow_minus10pct,Water flow rate,-10%,32.0,65.0,200.0,1.8,250.0,1.0,388.0,18806.226923076923,90903.59477902132,47332.932692307695,1.9205147369580695
Denizli,Hot–Dry Inland,Flow_plus10pct,Water flow rate,+10%,32.0,65.0,200.0,2.2,250.0,1.0,388.0,22985.38846153846,90903.59477902132,47332.932692307695,1.9205147369580695
Denizli,Hot–Dry Inland,Pump_minus10pct,Pump power,-10%,32.0,65.0,200.0,2.0,225.0,1.0,388.0,20895.80769230769,90903.59477902132,42979.63942307692,2.115038562427137
Denizli,Hot–Dry Inland,Pump_plus10pct,Pump power,+10%,32.0,65.0,200.0,2.0,275.0,1.0,388.0,20895.80769230769,90903.59477902132,51686.22596153847,1.7587586071125771
Denizli,Hot–Dry Inland,PVarea_minus10pct,PV area,-10%,32.0,65.0,200.0,2.0,250.0,0.9,388.0,20895.80769230769,81813.23530111919,47332.932692307695,1.7284632632622625
Denizli,Hot–Dry Inland,PVarea_plus10pct,PV area,+10%,32.0,65.0,200.0,2.0,250.0,1.1,388.0,20895.80769230769,99993.95425692346,47332.932692307695,2.1125662106538767
Denizli,Hot–Dry Inland,PVarea_2m2,PV area design,2 m²,32.0,65.0,200.0,2.0,250.0,2.0,388.0,20895.80769230769,181807.18955804265,47332.932692307695,3.841029473916139
Denizli,Hot–Dry Inland,PVarea_3m2,PV area design,3 m²,32.0,65.0,200.0,2.0,250.0,3.0,388.0,20895.80769230769,272710.78433706396,47332.932692307695,5.7615442108742085
Duzce,Temperate Humid Transitional,Baseline,Baseline,baseline,32.0,65.0,200.0,2.0,250.0,1.0,65.0,2518.748076923077,83800.25784371531,7109.391826923077,11.787261116536857
Duzce,Temperate Humid Transitional,Tset_minus10pct,Tset,-10%,28.8,65.0,200.0,2.0,250.0,1.0,189.0,7244.792307692307,83800.25784371531,17699.31730769231,4.734660461016474
Duzce,Temperate Humid Transitional,Tset_plus10pct,Tset,+10%,35.2,65.0,200.0,2.0,250.0,1.0,18.0,656.1865384615382,83800.25784371531,2947.055288461538,28.435251341165664
Duzce,Temperate Humid Transitional,RHmax_minus10pct,RHmax,-10%,32.0,58.5,200.0,2.0,250.0,1.0,62.0,2314.1057692307695,83800.25784371531,6665.053685897436,12.573080697163475
Duzce,Temperate Humid Transitional,RHmax_plus10pct,RHmax,+10%,32.0,71.5,200.0,2.0,250.0,1.0,67.0,2676.464160839161,83800.25784371531,7449.967001748252,11.248406580062738
Duzce,Temperate Humid Transitional,Gmin_minus10pct,Gmin,-10%,32.0,65.0,180.0,2.0,250.0,1.0,66.0,2549.786538461539,83800.25784371531,7180.055288461538,11.671255230914955
Duzce,Temperate Humid Transitional,Gmin_plus10pct,Gmin,+10%,32.0,65.0,220.00000000000003,2.0,250.0,1.0,65.0,2518.748076923077,83800.25784371531,7109.391826923077,11.787261116536857
Duzce,Temperate Humid Transitional,Flow_minus10pct,Water flow rate,-10%,32.0,65.0,200.0,1.8,250.0,1.0,65.0,2266.8732692307694,83800.25784371531,7109.391826923077,11.787261116536857
Duzce,Temperate Humid Transitional,Flow_plus10pct,Water flow rate,+10%,32.0,65.0,200.0,2.2,250.0,1.0,65.0,2770.6228846153845,83800.25784371531,7109.391826923077,11.787261116536857
Duzce,Temperate Humid Transitional,Pump_minus10pct,Pump power,-10%,32.0,65.0,200.0,2.0,225.0,1.0,65.0,2518.748076923077,83800.25784371531,6584.6526442307695,12.72660265794552
Duzce,Temperate Humid Transitional,Pump_plus10pct,Pump power,+10%,32.0,65.0,200.0,2.0,275.0,1.0,65.0,2518.748076923077,83800.25784371531,7634.131009615385,10.977052625657947
Duzce,Temperate Humid Transitional,PVarea_minus10pct,PV area,-10%,32.0,65.0,200.0,2.0,250.0,0.9,65.0,2518.748076923077,75420.23205934379,7109.391826923077,10.608535004883173
Duzce,Temperate Humid Transitional,PVarea_plus10pct,PV area,+10%,32.0,65.0,200.0,2.0,250.0,1.1,65.0,2518.748076923077,92180.28362808685,7109.391826923077,12.965987228190544
Duzce,Temperate Humid Transitional,PVarea_2m2,PV area design,2 m²,32.0,65.0,200.0,2.0,250.0,2.0,65.0,2518.748076923077,167600.51568743063,7109.391826923077,23.574522233073715
Duzce,Temperate Humid Transitional,PVarea_3m2,PV area design,3 m²,32.0,65.0,200.0,2.0,250.0,3.0,65.0,2518.748076923077,251400.77353114594,7109.391826923077,35.36178334961057
Diyarbakir.AP,Hot–Dry Inland,Baseline,Baseline,baseline,32.0,65.0,200.0,2.0,250.0,1.0,662.0,46292.67115384615,93297.97531191776,101887.06490384614,0.915699901650576
Diyarbakir.AP,Hot–Dry Inland,Tset_minus10pct,Tset,-10%,28.8,65.0,200.0,2.0,250.0,1.0,712.0,61170.876923076925,93297.97531191776,133183.32692307694,0.7005229368222956
Diyarbakir.AP,Hot–Dry Inland,Tset_plus10pct,Tset,+10%,35.2,65.0,200.0,2.0,250.0,1.0,447.0,24523.64999999999,93297.97531191776,55244.93749999998,1.68880588039253
Diyarbakir.AP,Hot–Dry Inland,RHmax_minus10pct,RHmax,-10%,32.0,58.5,200.0,2.0,250.0,1.0,662.0,45476.50961538461,93297.97531191776,100186.72836538462,0.9312408622792498
Diyarbakir.AP,Hot–Dry Inland,RHmax_plus10pct,RHmax,+10%,32.0,71.5,200.0,2.0,250.0,1.0,662.0,46960.43968531468,93297.97531191776,103278.24934440559,0.9033651897099237
Diyarbakir.AP,Hot–Dry Inland,Gmin_minus10pct,Gmin,-10%,32.0,65.0,180.0,2.0,250.0,1.0,662.0,46292.67115384615,93297.97531191776,101887.06490384614,0.915699901650576
Diyarbakir.AP,Hot–Dry Inland,Gmin_plus10pct,Gmin,+10%,32.0,65.0,220.00000000000003,2.0,250.0,1.0,662.0,46292.67115384615,93297.97531191776,101887.06490384614,0.915699901650576
Diyarbakir.AP,Hot–Dry Inland,Flow_minus10pct,Water flow rate,-10%,32.0,65.0,200.0,1.8,250.0,1.0,662.0,41663.40403846154,93297.97531191776,101887.06490384614,0.915699901650576
Diyarbakir.AP,Hot–Dry Inland,Flow_plus10pct,Water flow rate,+10%,32.0,65.0,200.0,2.2,250.0,1.0,662.0,50921.93826923077,93297.97531191776,101887.06490384614,0.915699901650576
Diyarbakir.AP,Hot–Dry Inland,Pump_minus10pct,Pump power,-10%,32.0,65.0,200.0,2.0,225.0,1.0,662.0,46292.67115384615,93297.97531191776,92242.75841346153,1.0114395635668918
Diyarbakir.AP,Hot–Dry Inland,Pump_plus10pct,Pump power,+10%,32.0,65.0,200.0,2.0,275.0,1.0,662.0,46292.67115384615,93297.97531191776,111531.37139423077,0.8365177810119157
Diyarbakir.AP,Hot–Dry Inland,PVarea_minus10pct,PV area,-10%,32.0,65.0,200.0,2.0,250.0,0.9,662.0,46292.67115384615,83968.177780726,101887.06490384614,0.8241299114855184
Diyarbakir.AP,Hot–Dry Inland,PVarea_plus10pct,PV area,+10%,32.0,65.0,200.0,2.0,250.0,1.1,662.0,46292.67115384615,102627.77284310955,101887.06490384614,1.0072698918156335
Diyarbakir.AP,Hot–Dry Inland,PVarea_2m2,PV area design,2 m²,32.0,65.0,200.0,2.0,250.0,2.0,662.0,46292.67115384615,186595.95062383552,101887.06490384614,1.831399803301152
Diyarbakir.AP,Hot–Dry Inland,PVarea_3m2,PV area design,3 m²,32.0,65.0,200.0,2.0,250.0,3.0,662.0,46292.67115384615,279893.9259357533,101887.06490384614,2.7470997049517276
Edirne,Semi-Arid Plateau,Baseline,Baseline,baseline,32.0,65.0,200.0,2.0,250.0,1.0,275.0,11491.505769230771,82600.48748920333,27062.637019230773,3.052196555365511
Edirne,Semi-Arid Plateau,Tset_minus10pct,Tset,-10%,28.8,65.0,200.0,2.0,250.0,1.0,531.0,25817.901923076923,82600.48748920333,58445.29567307692,1.4132957415639116
Edirne,Semi-Arid Plateau,Tset_plus10pct,Tset,+10%,35.2,65.0,200.0,2.0,250.0,1.0,74.0,2696.2903846153836,82600.48748920333,7533.271634615383,10.964756283266635
Edirne,Semi-Arid Plateau,RHmax_minus10pct,RHmax,-10%,32.0,58.5,200.0,2.0,250.0,1.0,275.0,11106.173076923076,82600.48748920333,26259.860576923078,3.145503657463889
Edirne,Semi-Arid Plateau,RHmax_plus10pct,RHmax,+10%,32.0,71.5,200.0,2.0,250.0,1.0,275.0,11806.777972027972,82600.48748920333,27719.45410839161,2.9798742488293586
Edirne,Semi-Arid Plateau,Gmin_minus10pct,Gmin,-10%,32.0,65.0,180.0,2.0,250.0,1.0,276.0,11530.505769230771,82600.48748920333,27149.887019230773,3.042387890258838
Edirne,Semi-Arid Plateau,Gmin_plus10pct,Gmin,+10%,32.0,65.0,220.00000000000003,2.0,250.0,1.0,273.0,11419.390384615384,82600.48748920333,26900.396634615387,3.070604817139133
Edirne,Semi-Arid Plateau,Flow_minus10pct,Water flow rate,-10%,32.0,65.0,200.0,1.8,250.0,1.0,275.0,10342.355192307692,82600.48748920333,27062.637019230773,3.052196555365511
Edirne,Semi-Arid Plateau,Flow_plus10pct,Water flow rate,+10%,32.0,65.0,200.0,2.2,250.0,1.0,275.0,12640.656346153846,82600.48748920333,27062.637019230773,3.052196555365511
Edirne,Semi-Arid Plateau,Pump_minus10pct,Pump power,-10%,32.0,65.0,200.0,2.0,225.0,1.0,275.0,11491.505769230771,82600.48748920333,24668.573317307695,3.3484095908882607
Edirne,Semi-Arid Plateau,Pump_plus10pct,Pump power,+10%,32.0,65.0,200.0,2.0,275.0,1.0,275.0,11491.505769230771,82600.48748920333,29456.70072115385,2.804132352469641
Edirne,Semi-Arid Plateau,PVarea_minus10pct,PV area,-10%,32.0,65.0,200.0,2.0,250.0,0.9,275.0,11491.505769230771,74340.43874028299,27062.637019230773,2.74697689982896
Edirne,Semi-Arid Plateau,PVarea_plus10pct,PV area,+10%,32.0,65.0,200.0,2.0,250.0,1.1,275.0,11491.505769230771,90860.53623812366,27062.637019230773,3.357416210902062
Edirne,Semi-Arid Plateau,PVarea_2m2,PV area design,2 m²,32.0,65.0,200.0,2.0,250.0,2.0,275.0,11491.505769230771,165200.97497840665,27062.637019230773,6.104393110731022
Edirne,Semi-Arid Plateau,PVarea_3m2,PV area design,3 m²,32.0,65.0,200.0,2.0,250.0,3.0,275.0,11491.505769230771,247801.46246760996,27062.637019230773,9.156589666096533
Elazig.AP,Hot–Dry Inland,Baseline,Baseline,baseline,32.0,65.0,200.0,2.0,250.0,1.0,487.0,26084.048076923078,95126.22128712435,58735.76682692308,1.6195620901219043
Elazig.AP,Hot–Dry Inland,Tset_minus10pct,Tset,-10%,28.8,65.0,200.0,2.0,250.0,1.0,649.0,44237.480769230766,95126.22128712435,97527.41826923077,0.9753792623170056
Elazig.AP,Hot–Dry Inland,Tset_plus10pct,Tset,+10%,35.2,65.0,200.0,2.0,250.0,1.0,179.0,7925.740384615379,95126.22128712435,19057.959134615376,4.991417004056042
Elazig.AP,Hot–Dry Inland,RHmax_minus10pct,RHmax,-10%,32.0,58.5,200.0,2.0,250.0,1.0,487.0,25633.31730769231,95126.22128712435,57796.74439102564,1.6458750798063122
Elazig.AP,Hot–Dry Inland,RHmax_plus10pct,RHmax,+10%,32.0,71.5,200.0,2.0,250.0,1.0,487.0,26452.8277972028,95126.22128712435,59504.05791083917,1.5986509933433684
Elazig.AP,Hot–Dry Inland,Gmin_minus10pct,Gmin,-10%,32.0,65.0,180.0,2.0,250.0,1.0,487.0,26084.048076923078,95126.22128712435,58735.76682692308,1.6195620901219043
Elazig.AP,Hot–Dry Inland,Gmin_plus10pct,Gmin,+10%,32.0,65.0,220.00000000000003,2.0,250.0,1.0,487.0,26084.048076923078,95126.22128712435,58735.76682692308,1.6195620901219043
Elazig.AP,Hot–Dry Inland,Flow_minus10pct,Water flow rate,-10%,32.0,65.0,200.0,1.8,250.0,1.0,487.0,23475.643269230764,95126.22128712435,58735.76682692308,1.6195620901219043
Elazig.AP,Hot–Dry Inland,Flow_plus10pct,Water flow rate,+10%,32.0,65.0,200.0,2.2,250.0,1.0,487.0,28692.452884615388,95126.22128712435,58735.76682692308,1.6195620901219043
Elazig.AP,Hot–Dry Inland,Pump_minus10pct,Pump power,-10%,32.0,65.0,200.0,2.0,225.0,1.0,487.0,26084.048076923078,95126.22128712435,53301.590144230766,1.784678862857914
Elazig.AP,Hot–Dry Inland,Pump_plus10pct,Pump power,+10%,32.0,65.0,200.0,2.0,275.0,1.0,487.0,26084.048076923078,95126.22128712435,64169.94350961538,1.4824108622266499
Elazig.AP,Hot–Dry Inland,PVarea_minus10pct,PV area,-10%,32.0,65.0,200.0,2.0,250.0,0.9,487.0,26084.048076923078,85613.59915841192,58735.76682692308,1.457605881109714
Elazig.AP,Hot–Dry Inland,PVarea_plus10pct,PV area,+10%,32.0,65.0,200.0,2.0,250.0,1.1,487.0,26084.048076923078,104638.8434158368,58735.76682692308,1.781518299134095
Elazig.AP,Hot–Dry Inland,PVarea_2m2,PV area design,2 m²,32.0,65.0,200.0,2.0,250.0,2.0,487.0,26084.048076923078,190252.4425742487,58735.76682692308,3.2391241802438087
Elazig.AP,Hot–Dry Inland,PVarea_3m2,PV area design,3 m²,32.0,65.0,200.0,2.0,250.0,3.0,487.0,26084.048076923078,285378.6638613731,58735.76682692308,4.858686270365713
Erzurum.Bolge,Semi-Arid Plateau,Baseline,Baseline,baseline,32.0,65.0,200.0,2.0,250.0,1.0,17.0,591.051923076923,91778.14241112657,2805.358173076923,32.71530291280564
Erzurum.Bolge,Semi-Arid Plateau,Tset_minus10pct,Tset,-10%,28.8,65.0,200.0,2.0,250.0,1.0,167.0,7370.83846153846,91778.14241112657,17829.91346153846,5.147425006246074
Erzurum.Bolge,Semi-Arid Plateau,Tset_plus10pct,Tset,+10%,35.2,65.0,200.0,2.0,250.0,1.0,0.0,0.0,91778.14241112657,1472.0,62.34928152929794
Erzurum.Bolge,Semi-Arid Plateau,RHmax_minus10pct,RHmax,-10%,32.0,58.5,200.0,2.0,250.0,1.0,17.0,589.3076923076923,91778.14241112657,2801.724358974359,32.757734399227
Erzurum.Bolge,Semi-Arid Plateau,RHmax_plus10pct,RHmax,+10%,32.0,71.5,200.0,2.0,250.0,1.0,17.0,592.479020979021,91778.14241112657,2808.3312937062938,32.68066791721087
Erzurum.Bolge,Semi-Arid Plateau,Gmin_minus10pct,Gmin,-10%,32.0,65.0,180.0,2.0,250.0,1.0,17.0,591.051923076923,91778.14241112657,2805.358173076923,32.71530291280564
Erzurum.Bolge,Semi-Arid Plateau,Gmin_plus10pct,Gmin,+10%,32.0,65.0,220.00000000000003,2.0,250.0,1.0,17.0,591.051923076923,91778.14241112657,2805.358173076923,32.71530291280564
Erzurum.Bolge,Semi-Arid Plateau,Flow_minus10pct,Water flow rate,-10%,32.0,65.0,200.0,1.8,250.0,1.0,17.0,531.9467307692307,91778.14241112657,2805.358173076923,32.71530291280564
Erzurum.Bolge,Semi-Arid Plateau,Flow_plus10pct,Water flow rate,+10%,32.0,65.0,200.0,2.2,250.0,1.0,17.0,650.1571153846153,91778.14241112657,2805.358173076923,32.71530291280564
Erzurum.Bolge,Semi-Arid Plateau,Pump_minus10pct,Pump power,-10%,32.0,65.0,200.0,2.0,225.0,1.0,17.0,591.051923076923,91778.14241112657,2682.2223557692305,34.217201349366
Erzurum.Bolge,Semi-Arid Plateau,Pump_plus10pct,Pump power,+10%,32.0,65.0,200.0,2.0,275.0,1.0,17.0,591.051923076923,91778.14241112657,2928.4939903846152,31.3397065906469
Erzurum.Bolge,Semi-Arid Plateau,PVarea_minus10pct,PV area,-10%,32.0,65.0,200.0,2.0,250.0,0.9,17.0,591.051923076923,82600.3281700139,2805.358173076923,29.443772621525074
Erzurum.Bolge,Semi-Arid Plateau,PVarea_plus10pct,PV area,+10%,32.0,65.0,200.0,2.0,250.0,1.1,17.0,591.051923076923,100955.95665223923,2805.358173076923,35.98683320408621
Erzurum.Bolge,Semi-Arid Plateau,PVarea_2m2,PV area design,2 m²,32.0,65.0,200.0,2.0,250.0,2.0,17.0,591.051923076923,183556.28482225313,2805.358173076923,65.43060582561128
Erzurum.Bolge,Semi-Arid Plateau,PVarea_3m2,PV area design,3 m²,32.0,65.0,200.0,2.0,250.0,3.0,17.0,591.051923076923,275334.4272333797,2805.358173076923,98.14590873841692
Erzincan.AP,Semi-Arid Plateau,Baseline,Baseline,baseline,32.0,65.0,200.0,2.0,250.0,1.0,192.0,8571.219230769231,90246.76530966774,20480.706730769234,4.406428278868195
Erzincan.AP,Semi-Arid Plateau,Tset_minus10pct,Tset,-10%,28.8,65.0,200.0,2.0,250.0,1.0,331.0,18877.176923076924,90246.76530966774,42785.45192307692,2.1092862469215126
Erzincan.AP,Semi-Arid Plateau,Tset_plus10pct,Tset,+10%,35.2,65.0,200.0,2.0,250.0,1.0,25.0,919.8057692307685,90246.76530966774,3538.2620192307677,25.505958806659475
Erzincan.AP,Semi-Arid Plateau,RHmax_minus10pct,RHmax,-10%,32.0,58.5,200.0,2.0,250.0,1.0,192.0,8458.451923076924,90246.76530966774,20245.77483974359,4.4575604551577
Erzincan.AP,Semi-Arid Plateau,RHmax_plus10pct,RHmax,+10%,32.0,71.5,200.0,2.0,250.0,1.0,192.0,8663.483391608392,90246.76530966774,20672.923732517484,4.365457275291644
Erzincan.AP,Semi-Arid Plateau,Gmin_minus10pct,Gmin,-10%,32.0,65.0,180.0,2.0,250.0,1.0,192.0,8571.219230769231,90246.76530966774,20480.706730769234,4.406428278868195
Erzincan.AP,Semi-Arid Plateau,Gmin_plus10pct,Gmin,+10%,32.0,65.0,220.00000000000003,2.0,250.0,1.0,192.0,8571.219230769231,90246.76530966774,20480.706730769234,4.406428278868195
Erzincan.AP,Semi-Arid Plateau,Flow_minus10pct,Water flow rate,-10%,32.0,65.0,200.0,1.8,250.0,1.0,192.0,7714.097307692308,90246.76530966774,20480.706730769234,4.406428278868195
Erzincan.AP,Semi-Arid Plateau,Flow_plus10pct,Water flow rate,+10%,32.0,65.0,200.0,2.2,250.0,1.0,192.0,9428.341153846153,90246.76530966774,20480.706730769234,4.406428278868195
Erzincan.AP,Semi-Arid Plateau,Pump_minus10pct,Pump power,-10%,32.0,65.0,200.0,2.0,225.0,1.0,192.0,8571.219230769231,90246.76530966774,18695.03605769231,4.827311647389659
Erzincan.AP,Semi-Arid Plateau,Pump_plus10pct,Pump power,+10%,32.0,65.0,200.0,2.0,275.0,1.0,192.0,8571.219230769231,90246.76530966774,22266.377403846156,4.053051094610436
Erzincan.AP,Semi-Arid Plateau,PVarea_minus10pct,PV area,-10%,32.0,65.0,200.0,2.0,250.0,0.9,192.0,8571.219230769231,81222.08877870097,20480.706730769234,3.965785450981376
Erzincan.AP,Semi-Arid Plateau,PVarea_plus10pct,PV area,+10%,32.0,65.0,200.0,2.0,250.0,1.1,192.0,8571.219230769231,99271.44184063452,20480.706730769234,4.847071106755015
Erzincan.AP,Semi-Arid Plateau,PVarea_2m2,PV area design,2 m²,32.0,65.0,200.0,2.0,250.0,2.0,192.0,8571.219230769231,180493.53061933548,20480.706730769234,8.81285655773639
Erzincan.AP,Semi-Arid Plateau,PVarea_3m2,PV area design,3 m²,32.0,65.0,200.0,2.0,250.0,3.0,192.0,8571.219230769231,270740.2959290032,20480.706730769234,13.219284836604587
Eskisehir-Anadolu.AP,Semi-Arid Plateau,Baseline,Baseline,baseline,32.0,65.0,200.0,2.0,250.0,1.0,75.0,2980.9903846153848,86871.16843985145,8132.396634615385,10.682111601650865
Eskisehir-Anadolu.AP,Semi-Arid Plateau,Tset_minus10pct,Tset,-10%,28.8,65.0,200.0,2.0,250.0,1.0,309.0,13287.184615384615,86871.16843985145,31007.63461538461,2.801605782491704
Eskisehir-Anadolu.AP,Semi-Arid Plateau,Tset_plus10pct,Tset,+10%,35.2,65.0,200.0,2.0,250.0,1.0,8.0,338.29038461538437,86871.16843985145,2224.7716346153843,39.04722942715405
Eskisehir-Anadolu.AP,Semi-Arid Plateau,RHmax_minus10pct,RHmax,-10%,32.0,58.5,200.0,2.0,250.0,1.0,75.0,2950.3365384615386,86871.16843985145,8068.534455128205,10.766660156558892
Eskisehir-Anadolu.AP,Semi-Arid Plateau,RHmax_plus10pct,RHmax,+10%,32.0,71.5,200.0,2.0,250.0,1.0,75.0,3006.070804195804,86871.16843985145,8184.64750874126,10.613916890992854
Eskisehir-Anadolu.AP,Semi-Arid Plateau,Gmin_minus10pct,Gmin,-10%,32.0,65.0,180.0,2.0,250.0,1.0,75.0,2980.9903846153848,86871.16843985145,8132.396634615385,10.682111601650865
Eskisehir-Anadolu.AP,Semi-Arid Plateau,Gmin_plus10pct,Gmin,+10%,32.0,65.0,220.00000000000003,2.0,250.0,1.0,75.0,2980.9903846153848,86871.16843985145,8132.396634615385,10.682111601650865
Eskisehir-Anadolu.AP,Semi-Arid Plateau,Flow_minus10pct,Water flow rate,-10%,32.0,65.0,200.0,1.8,250.0,1.0,75.0,2682.8913461538464,86871.16843985145,8132.396634615385,10.682111601650865
Eskisehir-Anadolu.AP,Semi-Arid Plateau,Flow_plus10pct,Water flow rate,+10%,32.0,65.0,200.0,2.2,250.0,1.0,75.0,3279.0894230769227,86871.16843985145,8132.396634615385,10.682111601650865
Eskisehir-Anadolu.AP,Semi-Arid Plateau,Pump_minus10pct,Pump power,-10%,32.0,65.0,200.0,2.0,225.0,1.0,75.0,2980.9903846153848,86871.16843985145,7511.356971153846,11.565309540402108
Eskisehir-Anadolu.AP,Semi-Arid Plateau,Pump_plus10pct,Pump power,+10%,32.0,65.0,200.0,2.0,275.0,1.0,75.0,2980.9903846153848,86871.16843985145,8753.436298076922,9.924236092166058
Eskisehir-Anadolu.AP,Semi-Arid Plateau,PVarea_minus10pct,PV area,-10%,32.0,65.0,200.0,2.0,250.0,0.9,75.0,2980.9903846153848,78184.0515958663,8132.396634615385,9.613900441485779
Eskisehir-Anadolu.AP,Semi-Arid Plateau,PVarea_plus10pct,PV area,+10%,32.0,65.0,200.0,2.0,250.0,1.1,75.0,2980.9903846153848,95558.2852838366,8132.396634615385,11.750322761815951
Eskisehir-Anadolu.AP,Semi-Arid Plateau,PVarea_2m2,PV area design,2 m²,32.0,65.0,200.0,2.0,250.0,2.0,75.0,2980.9903846153848,173742.3368797029,8132.396634615385,21.36422320330173
Eskisehir-Anadolu.AP,Semi-Arid Plateau,PVarea_3m2,PV area design,3 m²,32.0,65.0,200.0,2.0,250.0,3.0,75.0,2980.9903846153848,260613.50531955436,8132.396634615385,32.04633480495259
Eskisehir.AB,Semi-Arid Plateau,Baseline,Baseline,baseline,32.0,65.0,200.0,2.0,250.0,1.0,82.0,3386.8442307692303,88383.86209397933,9019.92548076923,9.798735286939626
Eskisehir.AB,Semi-Arid Plateau,Tset_minus10pct,Tset,-10%,28.8,65.0,200.0,2.0,250.0,1.0,235.0,11220.824999999999,88383.86209397933,26258.71875,3.3658863151493
Eskisehir.AB,Semi-Arid Plateau,Tset_plus10pct,Tset,+10%,35.2,65.0,200.0,2.0,250.0,1.0,14.0,560.9192307692305,88383.86209397933,2724.58173076923,32.43942403923627
Eskisehir.AB,Semi-Arid Plateau,RHmax_minus10pct,RHmax,-10%,32.0,58.5,200.0,2.0,250.0,1.0,82.0,3351.7019230769233,88383.86209397933,8946.71233974359,9.878920740678737
Eskisehir.AB,Semi-Arid Plateau,RHmax_plus10pct,RHmax,+10%,32.0,71.5,200.0,2.0,250.0,1.0,82.0,3415.5970279720277,88383.86209397933,9079.827141608392,9.734090827451931
Eskisehir.AB,Semi-Arid Plateau,Gmin_minus10pct,Gmin,-10%,32.0,65.0,180.0,2.0,250.0,1.0,82.0,3386.8442307692303,88383.86209397933,9019.92548076923,9.798735286939626
Eskisehir.AB,Semi-Arid Plateau,Gmin_plus10pct,Gmin,+10%,32.0,65.0,220.00000000000003,2.0,250.0,1.0,82.0,3386.8442307692303,88383.86209397933,9019.92548076923,9.798735286939626
Eskisehir.AB,Semi-Arid Plateau,Flow_minus10pct,Water flow rate,-10%,32.0,65.0,200.0,1.8,250.0,1.0,82.0,3048.159807692308,88383.86209397933,9019.92548076923,9.798735286939626
Eskisehir.AB,Semi-Arid Plateau,Flow_plus10pct,Water flow rate,+10%,32.0,65.0,200.0,2.2,250.0,1.0,82.0,3725.528653846154,88383.86209397933,9019.92548076923,9.798735286939626
Eskisehir.AB,Semi-Arid Plateau,Pump_minus10pct,Pump power,-10%,32.0,65.0,200.0,2.0,225.0,1.0,82.0,3386.8442307692303,88383.86209397933,8314.332932692309,10.630301048740813
Eskisehir.AB,Semi-Arid Plateau,Pump_plus10pct,Pump power,+10%,32.0,65.0,200.0,2.0,275.0,1.0,82.0,3386.8442307692303,88383.86209397933,9725.518028846154,9.087830779998594
Eskisehir.AB,Semi-Arid Plateau,PVarea_minus10pct,PV area,-10%,32.0,65.0,200.0,2.0,250.0,0.9,82.0,3386.8442307692303,79545.4758845814,9019.92548076923,8.818861758245664
Eskisehir.AB,Semi-Arid Plateau,PVarea_plus10pct,PV area,+10%,32.0,65.0,200.0,2.0,250.0,1.1,82.0,3386.8442307692303,97222.24830337727,9019.92548076923,10.77860881563359
Eskisehir.AB,Semi-Arid Plateau,PVarea_2m2,PV area design,2 m²,32.0,65.0,200.0,2.0,250.0,2.0,82.0,3386.8442307692303,176767.72418795867,9019.92548076923,19.597470573879253
Eskisehir.AB,Semi-Arid Plateau,PVarea_3m2,PV area design,3 m²,32.0,65.0,200.0,2.0,250.0,3.0,82.0,3386.8442307692303,265151.586281938,9019.92548076923,29.39620586081888
Gaziantep-Oguzeli.AP,Hot–Dry Inland,Baseline,Baseline,baseline,32.0,65.0,200.0,2.0,250.0,1.0,518.0,31592.694230769233,90931.89530383433,70398.11298076922,1.2916808626486105
Gaziantep-Oguzeli.AP,Hot–Dry Inland,Tset_minus10pct,Tset,-10%,28.8,65.0,200.0,2.0,250.0,1.0,618.0,45876.63461538462,90931.89530383433,100756.32211538461,0.9024931973965912
Gaziantep-Oguzeli.AP,Hot–Dry Inland,Tset_plus10pct,Tset,+10%,35.2,65.0,200.0,2.0,250.0,1.0,289.0,14791.38461538461,90931.89530383433,34021.384615384595,2.6727864351151243
Gaziantep-Oguzeli.AP,Hot–Dry Inland,RHmax_minus10pct,RHmax,-10%,32.0,58.5,200.0,2.0,250.0,1.0,518.0,30895.201923076922,90931.89530383433,68945.00400641025,1.318904779458419
Gaziantep-Oguzeli.AP,Hot–Dry Inland,RHmax_plus10pct,RHmax,+10%,32.0,71.5,200.0,2.0,250.0,1.0,518.0,32163.369755244756,90931.89530383433,71587.02032342658,1.270228805347793
Gaziantep-Oguzeli.AP,Hot–Dry Inland,Gmin_minus10pct,Gmin,-10%,32.0,65.0,180.0,2.0,250.0,1.0,524.0,31911.155769230772,90931.89530383433,71097.57451923078,1.2789732409118777
Gaziantep-Oguzeli.AP,Hot–Dry Inland,Gmin_plus10pct,Gmin,+10%,32.0,65.0,220.00000000000003,2.0,250.0,1.0,510.0,31232.21538461539,90931.89530383433,69599.11538461538,1.3065093543406514
Gaziantep-Oguzeli.AP,Hot–Dry Inland,Flow_minus10pct,Water flow rate,-10%,32.0,65.0,200.0,1.8,250.0,1.0,518.0,28433.424807692307,90931.89530383433,70398.11298076922,1.2916808626486105
Gaziantep-Oguzeli.AP,Hot–Dry Inland,Flow_plus10pct,Water flow rate,+10%,32.0,65.0,200.0,2.2,250.0,1.0,518.0,34751.96365384615,90931.89530383433,70398.11298076922,1.2916808626486105
Gaziantep-Oguzeli.AP,Hot–Dry Inland,Pump_minus10pct,Pump power,-10%,32.0,65.0,200.0,2.0,225.0,1.0,518.0,31592.694230769233,90931.89530383433,63816.301682692305,1.4249007370556555
Gaziantep-Oguzeli.AP,Hot–Dry Inland,Pump_plus10pct,Pump power,+10%,32.0,65.0,200.0,2.0,275.0,1.0,518.0,31592.694230769233,90931.89530383433,76979.92427884616,1.1812416828892898
Gaziantep-Oguzeli.AP,Hot–Dry Inland,PVarea_minus10pct,PV area,-10%,32.0,65.0,200.0,2.0,250.0,0.9,518.0,31592.694230769233,81838.7057734509,70398.11298076922,1.1625127763837495
Gaziantep-Oguzeli.AP,Hot–Dry Inland,PVarea_plus10pct,PV area,+10%,32.0,65.0,200.0,2.0,250.0,1.1,518.0,31592.694230769233,100025.08483421778,70398.11298076922,1.4208489489134717
Gaziantep-Oguzeli.AP,Hot–Dry Inland,PVarea_2m2,PV area design,2 m²,32.0,65.0,200.0,2.0,250.0,2.0,518.0,31592.694230769233,181863.79060766866,70398.11298076922,2.583361725297221
Gaziantep-Oguzeli.AP,Hot–Dry Inland,PVarea_3m2,PV area design,3 m²,32.0,65.0,200.0,2.0,250.0,3.0,518.0,31592.694230769233,272795.685911503,70398.11298076922,3.8750425879458312
Giresun,Humid Black Sea,Baseline,Baseline,baseline,32.0,65.0,200.0,2.0,250.0,1.0,0.0,0.0,76266.46788530427,1472.0,51.81145916121214
Giresun,Humid Black Sea,Tset_minus10pct,Tset,-10%,28.8,65.0,200.0,2.0,250.0,1.0,43.0,1301.4923076923076,76266.46788530427,4441.442307692307,17.17155432892045
Giresun,Humid Black Sea,Tset_plus10pct,Tset,+10%,35.2,65.0,200.0,2.0,250.0,1.0,0.0,0.0,76266.46788530427,1472.0,51.81145916121214
Giresun,Humid Black Sea,RHmax_minus10pct,RHmax,-10%,32.0,58.5,200.0,2.0,250.0,1.0,0.0,0.0,76266.46788530427,1472.0,51.81145916121214
Giresun,Humid Black Sea,RHmax_plus10pct,RHmax,+10%,32.0,71.5,200.0,2.0,250.0,1.0,0.0,0.0,76266.46788530427,1472.0,51.81145916121214
Giresun,Humid Black Sea,Gmin_minus10pct,Gmin,-10%,32.0,65.0,180.0,2.0,250.0,1.0,0.0,0.0,76266.46788530427,1472.0,51.81145916121214
Giresun,Humid Black Sea,Gmin_plus10pct,Gmin,+10%,32.0,65.0,220.00000000000003,2.0,250.0,1.0,0.0,0.0,76266.46788530427,1472.0,51.81145916121214
Giresun,Humid Black Sea,Flow_minus10pct,Water flow rate,-10%,32.0,65.0,200.0,1.8,250.0,1.0,0.0,0.0,76266.46788530427,1472.0,51.81145916121214
Giresun,Humid Black Sea,Flow_plus10pct,Water flow rate,+10%,32.0,65.0,200.0,2.2,250.0,1.0,0.0,0.0,76266.46788530427,1472.0,51.81145916121214
Giresun,Humid Black Sea,Pump_minus10pct,Pump power,-10%,32.0,65.0,200.0,2.0,225.0,1.0,0.0,0.0,76266.46788530427,1472.0,51.81145916121214
Giresun,Humid Black Sea,Pump_plus10pct,Pump power,+10%,32.0,65.0,200.0,2.0,275.0,1.0,0.0,0.0,76266.46788530427,1472.0,51.81145916121214
Giresun,Humid Black Sea,PVarea_minus10pct,PV area,-10%,32.0,65.0,200.0,2.0,250.0,0.9,0.0,0.0,68639.82109677384,1472.0,46.630313245090925
Giresun,Humid Black Sea,PVarea_plus10pct,PV area,+10%,32.0,65.0,200.0,2.0,250.0,1.1,0.0,0.0,83893.1146738347,1472.0,56.99260507733336
Giresun,Humid Black Sea,PVarea_2m2,PV area design,2 m²,32.0,65.0,200.0,2.0,250.0,2.0,0.0,0.0,152532.93577060854,1472.0,103.62291832242428
Giresun,Humid Black Sea,PVarea_3m2,PV area design,3 m²,32.0,65.0,200.0,2.0,250.0,3.0,0.0,0.0,228799.4036559128,1472.0,155.4343774836364
Gumushane,Humid Black Sea,Baseline,Baseline,baseline,32.0,65.0,200.0,2.0,250.0,1.0,28.0,1195.7423076923078,84470.87647386,4131.1298076923085,20.447403109089496
Gumushane,Humid Black Sea,Tset_minus10pct,Tset,-10%,28.8,65.0,200.0,2.0,250.0,1.0,69.0,3215.8038461538463,84470.87647386,8585.591346153848,9.838678906107155
Gumushane,Humid Black Sea,Tset_plus10pct,Tset,+10%,35.2,65.0,200.0,2.0,250.0,1.0,5.0,223.02115384615377,84470.87647386,1966.6274038461538,42.9521506253088
Gumushane,Humid Black Sea,RHmax_minus10pct,RHmax,-10%,32.0,58.5,200.0,2.0,250.0,1.0,28.0,1169.269230769231,84470.87647386,4075.9775641025644,20.724077879574523
Gumushane,Humid Black Sea,RHmax_plus10pct,RHmax,+10%,32.0,71.5,200.0,2.0,250.0,1.0,28.0,1217.402097902098,84470.87647386,4176.254370629371,20.22646826015295
Gumushane,Humid Black Sea,Gmin_minus10pct,Gmin,-10%,32.0,65.0,180.0,2.0,250.0,1.0,28.0,1195.7423076923078,84470.87647386,4131.1298076923085,20.447403109089496
Gumushane,Humid Black Sea,Gmin_plus10pct,Gmin,+10%,32.0,65.0,220.00000000000003,2.0,250.0,1.0,28.0,1195.7423076923078,84470.87647386,4131.1298076923085,20.447403109089496
Gumushane,Humid Black Sea,Flow_minus10pct,Water flow rate,-10%,32.0,65.0,200.0,1.8,250.0,1.0,28.0,1076.168076923077,84470.87647386,4131.1298076923085,20.447403109089496
Gumushane,Humid Black Sea,Flow_plus10pct,Water flow rate,+10%,32.0,65.0,200.0,2.2,250.0,1.0,28.0,1315.3165384615386,84470.87647386,4131.1298076923085,20.447403109089496
Gumushane,Humid Black Sea,Pump_minus10pct,Pump power,-10%,32.0,65.0,200.0,2.0,225.0,1.0,28.0,1195.7423076923078,84470.87647386,3882.016826923077,21.759533829947976
Gumushane,Humid Black Sea,Pump_plus10pct,Pump power,+10%,32.0,65.0,200.0,2.0,275.0,1.0,28.0,1195.7423076923078,84470.87647386,4380.242788461539,19.284519272852563
Gumushane,Humid Black Sea,PVarea_minus10pct,PV area,-10%,32.0,65.0,200.0,2.0,250.0,0.9,28.0,1195.7423076923078,76023.788826474,4131.1298076923085,18.402662798180547
Gumushane,Humid Black Sea,PVarea_plus10pct,PV area,+10%,32.0,65.0,200.0,2.0,250.0,1.1,28.0,1195.7423076923078,92917.96412124601,4131.1298076923085,22.49214341999845
Gumushane,Humid Black Sea,PVarea_2m2,PV area design,2 m²,32.0,65.0,200.0,2.0,250.0,2.0,28.0,1195.7423076923078,168941.75294772,4131.1298076923085,40.89480621817899
Gumushane,Humid Black Sea,PVarea_3m2,PV area design,3 m²,32.0,65.0,200.0,2.0,250.0,3.0,28.0,1195.7423076923078,253412.62942158,4131.1298076923085,61.342209327268485
Hakkari,Semi-Arid Plateau,Baseline,Baseline,baseline,32.0,65.0,200.0,2.0,250.0,1.0,122.0,4394.555769230769,93173.23727104308,11359.32451923077,8.20235720119673
Hakkari,Semi-Arid Plateau,Tset_minus10pct,Tset,-10%,28.8,65.0,200.0,2.0,250.0,1.0,315.0,15578.774999999998,93173.23727104308,35817.78125,2.601312365517981
Hakkari,Semi-Arid Plateau,Tset_plus10pct,Tset,+10%,35.2,65.0,200.0,2.0,250.0,1.0,0.0,0.0,93173.23727104308,1472.0,63.29703618956731
Hakkari,Semi-Arid Plateau,RHmax_minus10pct,RHmax,-10%,32.0,58.5,200.0,2.0,250.0,1.0,122.0,4359.173076923077,93173.23727104308,11285.610576923076,8.255932334008104
Hakkari,Semi-Arid Plateau,RHmax_plus10pct,RHmax,+10%,32.0,71.5,200.0,2.0,250.0,1.0,122.0,4423.505244755244,93173.23727104308,11419.635926573426,8.15903745707247
Hakkari,Semi-Arid Plateau,Gmin_minus10pct,Gmin,-10%,32.0,65.0,180.0,2.0,250.0,1.0,122.0,4394.555769230769,93173.23727104308,11359.32451923077,8.20235720119673
Hakkari,Semi-Arid Plateau,Gmin_plus10pct,Gmin,+10%,32.0,65.0,220.00000000000003,2.0,250.0,1.0,122.0,4394.555769230769,93173.23727104308,11359.32451923077,8.20235720119673
Hakkari,Semi-Arid Plateau,Flow_minus10pct,Water flow rate,-10%,32.0,65.0,200.0,1.8,250.0,1.0,122.0,3955.100192307693,93173.23727104308,11359.32451923077,8.20235720119673
Hakkari,Semi-Arid Plateau,Flow_plus10pct,Water flow rate,+10%,32.0,65.0,200.0,2.2,250.0,1.0,122.0,4834.011346153847,93173.23727104308,11359.32451923077,8.20235720119673
Hakkari,Semi-Arid Plateau,Pump_minus10pct,Pump power,-10%,32.0,65.0,200.0,2.0,225.0,1.0,122.0,4394.555769230769,93173.23727104308,10443.792067307691,8.921399111602788
Hakkari,Semi-Arid Plateau,Pump_plus10pct,Pump power,+10%,32.0,65.0,200.0,2.0,275.0,1.0,122.0,4394.555769230769,93173.23727104308,12274.856971153848,7.590576207120131
Hakkari,Semi-Arid Plateau,PVarea_minus10pct,PV area,-10%,32.0,65.0,200.0,2.0,250.0,0.9,122.0,4394.555769230769,83855.91354393878,11359.32451923077,7.382121481077057
Hakkari,Semi-Arid Plateau,PVarea_plus10pct,PV area,+10%,32.0,65.0,200.0,2.0,250.0,1.1,122.0,4394.555769230769,102490.5609981474,11359.32451923077,9.022592921316404
Hakkari,Semi-Arid Plateau,PVarea_2m2,PV area design,2 m²,32.0,65.0,200.0,2.0,250.0,2.0,122.0,4394.555769230769,186346.47454208616,11359.32451923077,16.40471440239346
Hakkari,Semi-Arid Plateau,PVarea_3m2,PV area design,3 m²,32.0,65.0,200.0,2.0,250.0,3.0,122.0,4394.555769230769,279519.71181312925,11359.32451923077,24.60707160359019
Hatay,Temperate / Windy Coastal,Baseline,Baseline,baseline,32.0,65.0,200.0,2.0,250.0,1.0,418.0,14839.413461538463,91926.30934531154,34895.44471153846,2.634335515859334
Hatay,Temperate / Windy Coastal,Tset_minus10pct,Tset,-10%,28.8,65.0,200.0,2.0,250.0,1.0,656.0,27296.613461538458,91926.30934531154,62275.944711538454,1.4761126430295564
Hatay,Temperate / Windy Coastal,Tset_plus10pct,Tset,+10%,35.2,65.0,200.0,2.0,250.0,1.0,22.0,1027.6499999999996,91926.30934531154,3744.937499999999,24.54682070002812
Hatay,Temperate / Windy Coastal,RHmax_minus10pct,RHmax,-10%,32.0,58.5,200.0,2.0,250.0,1.0,403.0,13986.923076923076,91926.30934531154,33029.42307692308,2.7831642451405214
Hatay,Temperate / Windy Coastal,RHmax_plus10pct,RHmax,+10%,32.0,71.5,200.0,2.0,250.0,1.0,418.0,15169.353146853147,91926.30934531154,35582.819055944055,2.583446499862281
Hatay,Temperate / Windy Coastal,Gmin_minus10pct,Gmin,-10%,32.0,65.0,180.0,2.0,250.0,1.0,418.0,14839.413461538463,91926.30934531154,34895.44471153846,2.634335515859334
Hatay,Temperate / Windy Coastal,Gmin_plus10pct,Gmin,+10%,32.0,65.0,220.00000000000003,2.0,250.0,1.0,417.0,14809.413461538463,91926.30934531154,34826.94471153846,2.6395169058529437
Hatay,Temperate / Windy Coastal,Flow_minus10pct,Water flow rate,-10%,32.0,65.0,200.0,1.8,250.0,1.0,418.0,13355.472115384615,91926.30934531154,34895.44471153846,2.634335515859334
Hatay,Temperate / Windy Coastal,Flow_plus10pct,Water flow rate,+10%,32.0,65.0,200.0,2.2,250.0,1.0,418.0,16323.354807692307,91926.30934531154,34895.44471153846,2.634335515859334
Hatay,Temperate / Windy Coastal,Pump_minus10pct,Pump power,-10%,32.0,65.0,200.0,2.0,225.0,1.0,418.0,14839.413461538463,91926.30934531154,31803.900240384617,2.8904099387339746
Hatay,Temperate / Windy Coastal,Pump_plus10pct,Pump power,+10%,32.0,65.0,200.0,2.0,275.0,1.0,418.0,14839.413461538463,91926.30934531154,37986.98918269231,2.419941967582815
Hatay,Temperate / Windy Coastal,PVarea_minus10pct,PV area,-10%,32.0,65.0,200.0,2.0,250.0,0.9,418.0,14839.413461538463,82733.6784107804,34895.44471153846,2.370901964273401
Hatay,Temperate / Windy Coastal,PVarea_plus10pct,PV area,+10%,32.0,65.0,200.0,2.0,250.0,1.1,418.0,14839.413461538463,101118.9402798427,34895.44471153846,2.897769067445268
Hatay,Temperate / Windy Coastal,PVarea_2m2,PV area design,2 m²,32.0,65.0,200.0,2.0,250.0,2.0,418.0,14839.413461538463,183852.6186906231,34895.44471153846,5.268671031718668
Hatay,Temperate / Windy Coastal,PVarea_3m2,PV area design,3 m²,32.0,65.0,200.0,2.0,250.0,3.0,418.0,14839.413461538463,275778.92803593463,34895.44471153846,7.903006547578002
Iskenderun,Humid Mediterranean Coastal,Baseline,Baseline,baseline,32.0,65.0,200.0,2.0,250.0,1.0,63.0,1948.8461538461538,89315.4939990489,5910.096153846154,15.11235886423344
Iskenderun,Humid Mediterranean Coastal,Tset_minus10pct,Tset,-10%,28.8,65.0,200.0,2.0,250.0,1.0,361.0,12253.003846153846,89315.4939990489,29165.091346153848,3.0624109123809546
Iskenderun,Humid Mediterranean Coastal,Tset_plus10pct,Tset,+10%,35.2,65.0,200.0,2.0,250.0,1.0,0.0,0.0,89315.4939990489,1472.0,60.67628668413648
Iskenderun,Humid Mediterranean Coastal,RHmax_minus10pct,RHmax,-10%,32.0,58.5,200.0,2.0,250.0,1.0,43.0,1331.4423076923076,89315.4939990489,4503.838141025641,19.830973317062732
Iskenderun,Humid Mediterranean Coastal,RHmax_plus10pct,RHmax,+10%,32.0,71.5,200.0,2.0,250.0,1.0,74.0,2297.4519230769233,89315.4939990489,6702.358173076924,13.32598045234665
Iskenderun,Humid Mediterranean Coastal,Gmin_minus10pct,Gmin,-10%,32.0,65.0,180.0,2.0,250.0,1.0,64.0,1978.8461538461538,89315.4939990489,5978.596153846154,14.939208419620448
Iskenderun,Humid Mediterranean Coastal,Gmin_plus10pct,Gmin,+10%,32.0,65.0,220.00000000000003,2.0,250.0,1.0,63.0,1948.8461538461538,89315.4939990489,5910.096153846154,15.11235886423344
Iskenderun,Humid Mediterranean Coastal,Flow_minus10pct,Water flow rate,-10%,32.0,65.0,200.0,1.8,250.0,1.0,63.0,1753.9615384615386,89315.4939990489,5910.096153846154,15.11235886423344
Iskenderun,Humid Mediterranean Coastal,Flow_plus10pct,Water flow rate,+10%,32.0,65.0,200.0,2.2,250.0,1.0,63.0,2143.7307692307695,89315.4939990489,5910.096153846154,15.11235886423344
Iskenderun,Humid Mediterranean Coastal,Pump_minus10pct,Pump power,-10%,32.0,65.0,200.0,2.0,225.0,1.0,63.0,1948.8461538461538,89315.4939990489,5504.086538461539,16.227123860594983
Iskenderun,Humid Mediterranean Coastal,Pump_plus10pct,Pump power,+10%,32.0,65.0,200.0,2.0,275.0,1.0,63.0,1948.8461538461538,89315.4939990489,6316.1057692307695,14.140911704511641
Iskenderun,Humid Mediterranean Coastal,PVarea_minus10pct,PV area,-10%,32.0,65.0,200.0,2.0,250.0,0.9,63.0,1948.8461538461538,80383.944599144,5910.096153846154,13.601122977810096
Iskenderun,Humid Mediterranean Coastal,PVarea_plus10pct,PV area,+10%,32.0,65.0,200.0,2.0,250.0,1.1,63.0,1948.8461538461538,98247.04339895379,5910.096153846154,16.623594750656785
Iskenderun,Humid Mediterranean Coastal,PVarea_2m2,PV area design,2 m²,32.0,65.0,200.0,2.0,250.0,2.0,63.0,1948.8461538461538,178630.9879980978,5910.096153846154,30.22471772846688
Iskenderun,Humid Mediterranean Coastal,PVarea_3m2,PV area design,3 m²,32.0,65.0,200.0,2.0,250.0,3.0,63.0,1948.8461538461538,267946.4819971467,5910.096153846154,45.33707659270032
Istanbul-Ataturk.AP,Temperate / Windy Coastal,Baseline,Baseline,baseline,32.0,65.0,200.0,2.0,250.0,1.0,35.0,1062.6173076923076,87251.3184881131,3895.7860576923076,22.39633213837131
Istanbul-Ataturk.AP,Temperate / Windy Coastal,Tset_minus10pct,Tset,-10%,28.8,65.0,200.0,2.0,250.0,1.0,203.0,6761.071153846153,87251.3184881131,16775.564903846156,5.201095700098235
Istanbul-Ataturk.AP,Temperate / Windy Coastal,Tset_plus10pct,Tset,+10%,35.2,65.0,200.0,2.0,250.0,1.0,0.0,0.0,87251.3184881131,1472.0,59.273993538120315
Istanbul-Ataturk.AP,Temperate / Windy Coastal,RHmax_minus10pct,RHmax,-10%,32.0,58.5,200.0,2.0,250.0,1.0,25.0,756.1057692307693,87251.3184881131,3197.2203525641025,27.28974198420181
Istanbul-Ataturk.AP,Temperate / Windy Coastal,RHmax_plus10pct,RHmax,+10%,32.0,71.5,200.0,2.0,250.0,1.0,39.0,1188.0393356643358,87251.3184881131,4181.081949300699,20.868119674790442
Istanbul-Ataturk.AP,Temperate / Windy Coastal,Gmin_minus10pct,Gmin,-10%,32.0,65.0,180.0,2.0,250.0,1.0,35.0,1062.6173076923076,87251.3184881131,3895.7860576923076,22.39633213837131
Istanbul-Ataturk.AP,Temperate / Windy Coastal,Gmin_plus10pct,Gmin,+10%,32.0,65.0,220.00000000000003,2.0,250.0,1.0,35.0,1062.6173076923076,87251.3184881131,3895.7860576923076,22.39633213837131
Istanbul-Ataturk.AP,Temperate / Windy Coastal,Flow_minus10pct,Water flow rate,-10%,32.0,65.0,200.0,1.8,250.0,1.0,35.0,956.3555769230769,87251.3184881131,3895.7860576923076,22.39633213837131
Istanbul-Ataturk.AP,Temperate / Windy Coastal,Flow_plus10pct,Water flow rate,+10%,32.0,65.0,200.0,2.2,250.0,1.0,35.0,1168.8790384615386,87251.3184881131,3895.7860576923076,22.39633213837131
Istanbul-Ataturk.AP,Temperate / Windy Coastal,Pump_minus10pct,Pump power,-10%,32.0,65.0,200.0,2.0,225.0,1.0,35.0,1062.6173076923076,87251.3184881131,3674.407451923077,23.745684067358486
Istanbul-Ataturk.AP,Temperate / Windy Coastal,Pump_plus10pct,Pump power,+10%,32.0,65.0,200.0,2.0,275.0,1.0,35.0,1062.6173076923076,87251.3184881131,4117.164663461539,21.1920886386788
Istanbul-Ataturk.AP,Temperate / Windy Coastal,PVarea_minus10pct,PV area,-10%,32.0,65.0,200.0,2.0,250.0,0.9,35.0,1062.6173076923076,78526.1866393018,3895.7860576923076,20.156698924534183
Istanbul-Ataturk.AP,Temperate / Windy Coastal,PVarea_plus10pct,PV area,+10%,32.0,65.0,200.0,2.0,250.0,1.1,35.0,1062.6173076923076,95976.45033692442,3895.7860576923076,24.635965352208444
Istanbul-Ataturk.AP,Temperate / Windy Coastal,PVarea_2m2,PV area design,2 m²,32.0,65.0,200.0,2.0,250.0,2.0,35.0,1062.6173076923076,174502.6369762262,3895.7860576923076,44.79266427674262
Istanbul-Ataturk.AP,Temperate / Windy Coastal,PVarea_3m2,PV area design,3 m²,32.0,65.0,200.0,2.0,250.0,3.0,35.0,1062.6173076923076,261753.9554643393,3895.7860576923076,67.18899641511393
Istanbul.Bolge.Kartal-Goztepe,Temperate Humid Transitional,Baseline,Baseline,baseline,32.0,65.0,200.0,2.0,250.0,1.0,78.0,2523.5653846153846,84476.93863283648,7197.427884615385,11.737101084876066
Istanbul.Bolge.Kartal-Goztepe,Temperate Humid Transitional,Tset_minus10pct,Tset,-10%,28.8,65.0,200.0,2.0,250.0,1.0,287.0,10006.557692307693,84476.93863283648,24040.99519230769,3.5138702851979375
Istanbul.Bolge.Kartal-Goztepe,Temperate Humid Transitional,Tset_plus10pct,Tset,+10%,35.2,65.0,200.0,2.0,250.0,1.0,0.0,0.0,84476.93863283648,1472.0,57.3892246146987
Istanbul.Bolge.Kartal-Goztepe,Temperate Humid Transitional,RHmax_minus10pct,RHmax,-10%,32.0,58.5,200.0,2.0,250.0,1.0,67.0,2127.5384615384614,84476.93863283648,6306.371794871795,13.395489733341014
Istanbul.Bolge.Kartal-Goztepe,Temperate Humid Transitional,RHmax_plus10pct,RHmax,+10%,32.0,71.5,200.0,2.0,250.0,1.0,78.0,2583.3776223776226,84476.93863283648,7322.036713286714,11.537355238815307
Istanbul.Bolge.Kartal-Goztepe,Temperate Humid Transitional,Gmin_minus10pct,Gmin,-10%,32.0,65.0,180.0,2.0,250.0,1.0,78.0,2523.5653846153846,84476.93863283648,7197.427884615385,11.737101084876066
Istanbul.Bolge.Kartal-Goztepe,Temperate Humid Transitional,Gmin_plus10pct,Gmin,+10%,32.0,65.0,220.00000000000003,2.0,250.0,1.0,78.0,2523.5653846153846,84476.93863283648,7197.427884615385,11.737101084876066
Istanbul.Bolge.Kartal-Goztepe,Temperate Humid Transitional,Flow_minus10pct,Water flow rate,-10%,32.0,65.0,200.0,1.8,250.0,1.0,78.0,2271.2088461538465,84476.93863283648,7197.427884615385,11.737101084876066
Istanbul.Bolge.Kartal-Goztepe,Temperate Humid Transitional,Flow_plus10pct,Water flow rate,+10%,32.0,65.0,200.0,2.2,250.0,1.0,78.0,2775.9219230769236,84476.93863283648,7197.427884615385,11.737101084876066
Istanbul.Bolge.Kartal-Goztepe,Temperate Humid Transitional,Pump_minus10pct,Pump power,-10%,32.0,65.0,200.0,2.0,225.0,1.0,78.0,2523.5653846153846,84476.93863283648,6671.685096153847,12.662009284811194
Istanbul.Bolge.Kartal-Goztepe,Temperate Humid Transitional,Pump_plus10pct,Pump power,+10%,32.0,65.0,200.0,2.0,275.0,1.0,78.0,2523.5653846153846,84476.93863283648,7723.170673076923,10.938116248981034
Istanbul.Bolge.Kartal-Goztepe,Temperate Humid Transitional,PVarea_minus10pct,PV area,-10%,32.0,65.0,200.0,2.0,250.0,0.9,78.0,2523.5653846153846,76029.24476955284,7197.427884615385,10.56339097638846
Istanbul.Bolge.Kartal-Goztepe,Temperate Humid Transitional,PVarea_plus10pct,PV area,+10%,32.0,65.0,200.0,2.0,250.0,1.1,78.0,2523.5653846153846,92924.63249612013,7197.427884615385,12.910811193363672
Istanbul.Bolge.Kartal-Goztepe,Temperate Humid Transitional,PVarea_2m2,PV area design,2 m²,32.0,65.0,200.0,2.0,250.0,2.0,78.0,2523.5653846153846,168953.87726567296,7197.427884615385,23.474202169752132
Istanbul.Bolge.Kartal-Goztepe,Temperate Humid Transitional,PVarea_3m2,PV area design,3 m²,32.0,65.0,200.0,2.0,250.0,3.0,78.0,2523.5653846153846,253430.81589850943,7197.427884615385,35.2113032546282
Kumkoy,Temperate Humid Transitional,Baseline,Baseline,baseline,32.0,65.0,200.0,2.0,250.0,1.0,0.0,0.0,88159.56040992477,1472.0,59.891005713264114
Kumkoy,Temperate Humid Transitional,Tset_minus10pct,Tset,-10%,28.8,65.0,200.0,2.0,250.0,1.0,119.0,3730.1134615384613,88159.56040992477,9957.069711538461,8.853966374039103
Kumkoy,Temperate Humid Transitional,Tset_plus10pct,Tset,+10%,35.2,65.0,200.0,2.0,250.0,1.0,0.0,0.0,88159.56040992477,1472.0,59.891005713264114
Kumkoy,Temperate Humid Transitional,RHmax_minus10pct,RHmax,-10%,32.0,58.5,200.0,2.0,250.0,1.0,0.0,0.0,88159.56040992477,1472.0,59.891005713264114
Kumkoy,Temperate Humid Transitional,RHmax_plus10pct,RHmax,+10%,32.0,71.5,200.0,2.0,250.0,1.0,0.0,0.0,88159.56040992477,1472.0,59.891005713264114
Kumkoy,Temperate Humid Transitional,Gmin_minus10pct,Gmin,-10%,32.0,65.0,180.0,2.0,250.0,1.0,0.0,0.0,88159.56040992477,1472.0,59.891005713264114
Kumkoy,Temperate Humid Transitional,Gmin_plus10pct,Gmin,+10%,32.0,65.0,220.00000000000003,2.0,250.0,1.0,0.0,0.0,88159.56040992477,1472.0,59.891005713264114
Kumkoy,Temperate Humid Transitional,Flow_minus10pct,Water flow rate,-10%,32.0,65.0,200.0,1.8,250.0,1.0,0.0,0.0,88159.56040992477,1472.0,59.891005713264114
Kumkoy,Temperate Humid Transitional,Flow_plus10pct,Water flow rate,+10%,32.0,65.0,200.0,2.2,250.0,1.0,0.0,0.0,88159.56040992477,1472.0,59.891005713264114
Kumkoy,Temperate Humid Transitional,Pump_minus10pct,Pump power,-10%,32.0,65.0,200.0,2.0,225.0,1.0,0.0,0.0,88159.56040992477,1472.0,59.891005713264114
Kumkoy,Temperate Humid Transitional,Pump_plus10pct,Pump power,+10%,32.0,65.0,200.0,2.0,275.0,1.0,0.0,0.0,88159.56040992477,1472.0,59.891005713264114
Kumkoy,Temperate Humid Transitional,PVarea_minus10pct,PV area,-10%,32.0,65.0,200.0,2.0,250.0,0.9,0.0,0.0,79343.6043689323,1472.0,53.9019051419377
Kumkoy,Temperate Humid Transitional,PVarea_plus10pct,PV area,+10%,32.0,65.0,200.0,2.0,250.0,1.1,0.0,0.0,96975.51645091726,1472.0,65.88010628459052
Kumkoy,Temperate Humid Transitional,PVarea_2m2,PV area design,2 m²,32.0,65.0,200.0,2.0,250.0,2.0,0.0,0.0,176319.12081984954,1472.0,119.78201142652823
Kumkoy,Temperate Humid Transitional,PVarea_3m2,PV area design,3 m²,32.0,65.0,200.0,2.0,250.0,3.0,0.0,0.0,264478.6812297743,1472.0,179.67301713979234
Sabiha-Gokcen.Intl.AP,Temperate / Windy Coastal,Baseline,Baseline,baseline,32.0,65.0,200.0,2.0,250.0,1.0,63.0,2050.3384615384616,85780.21436852196,6121.538461538462,14.012852309509745
Sabiha-Gokcen.Intl.AP,Temperate / Windy Coastal,Tset_minus10pct,Tset,-10%,28.8,65.0,200.0,2.0,250.0,1.0,289.0,10067.180769230768,85780.21436852196,24179.293269230773,3.5476725234844273
Sabiha-Gokcen.Intl.AP,Temperate / Windy Coastal,Tset_plus10pct,Tset,+10%,35.2,65.0,200.0,2.0,250.0,1.0,2.0,65.08846153846152,85780.21436852196,1619.6009615384614,52.96379565435625
Sabiha-Gokcen.Intl.AP,Temperate / Windy Coastal,RHmax_minus10pct,RHmax,-10%,32.0,58.5,200.0,2.0,250.0,1.0,62.0,1966.6538461538462,85780.21436852196,5941.195512820513,14.43820762730611
Sabiha-Gokcen.Intl.AP,Temperate / Windy Coastal,RHmax_plus10pct,RHmax,+10%,32.0,71.5,200.0,2.0,250.0,1.0,63.0,2094.262237762238,85780.21436852196,6213.046328671329,13.806466237451382
Sabiha-Gokcen.Intl.AP,Temperate / Windy Coastal,Gmin_minus10pct,Gmin,-10%,32.0,65.0,180.0,2.0,250.0,1.0,63.0,2050.3384615384616,85780.21436852196,6121.538461538462,14.012852309509745
Sabiha-Gokcen.Intl.AP,Temperate / Windy Coastal,Gmin_plus10pct,Gmin,+10%,32.0,65.0,220.00000000000003,2.0,250.0,1.0,63.0,2050.3384615384616,85780.21436852196,6121.538461538462,14.012852309509745
Sabiha-Gokcen.Intl.AP,Temperate / Windy Coastal,Flow_minus10pct,Water flow rate,-10%,32.0,65.0,200.0,1.8,250.0,1.0,63.0,1845.3046153846153,85780.21436852196,6121.538461538462,14.012852309509745
Sabiha-Gokcen.Intl.AP,Temperate / Windy Coastal,Flow_plus10pct,Water flow rate,+10%,32.0,65.0,200.0,2.2,250.0,1.0,63.0,2255.372307692308,85780.21436852196,6121.538461538462,14.012852309509745
Sabiha-Gokcen.Intl.AP,Temperate / Windy Coastal,Pump_minus10pct,Pump power,-10%,32.0,65.0,200.0,2.0,225.0,1.0,63.0,2050.3384615384616,85780.21436852196,5694.384615384615,15.064000794180307
Sabiha-Gokcen.Intl.AP,Temperate / Windy Coastal,Pump_plus10pct,Pump power,+10%,32.0,65.0,200.0,2.0,275.0,1.0,63.0,2050.3384615384616,85780.21436852196,6548.692307692308,13.098831085369781
Sabiha-Gokcen.Intl.AP,Temperate / Windy Coastal,PVarea_minus10pct,PV area,-10%,32.0,65.0,200.0,2.0,250.0,0.9,63.0,2050.3384615384616,77202.19293166976,6121.538461538462,12.61156707855877
Sabiha-Gokcen.Intl.AP,Temperate / Windy Coastal,PVarea_plus10pct,PV area,+10%,32.0,65.0,200.0,2.0,250.0,1.1,63.0,2050.3384615384616,94358.23580537416,6121.538461538462,15.41413754046072
Sabiha-Gokcen.Intl.AP,Temperate / Windy Coastal,PVarea_2m2,PV area design,2 m²,32.0,65.0,200.0,2.0,250.0,2.0,63.0,2050.3384615384616,171560.42873704393,6121.538461538462,28.02570461901949
Sabiha-Gokcen.Intl.AP,Temperate / Windy Coastal,PVarea_3m2,PV area design,3 m²,32.0,65.0,200.0,2.0,250.0,3.0,63.0,2050.3384615384616,257340.6431055659,6121.538461538462,42.03855692852923
Sariyer,Temperate / Windy Coastal,Baseline,Baseline,baseline,32.0,65.0,200.0,2.0,250.0,1.0,4.0,128.0480769230769,89091.06267106393,1762.766826923077,50.54046928405901
Sariyer,Temperate / Windy Coastal,Tset_minus10pct,Tset,-10%,28.8,65.0,200.0,2.0,250.0,1.0,59.0,1858.6499999999999,89091.06267106393,5698.1875,15.6349826451067
Sariyer,Temperate / Windy Coastal,Tset_plus10pct,Tset,+10%,35.2,65.0,200.0,2.0,250.0,1.0,0.0,0.0,89091.06267106393,1472.0,60.52381974936409
Sariyer,Temperate / Windy Coastal,RHmax_minus10pct,RHmax,-10%,32.0,58.5,200.0,2.0,250.0,1.0,2.0,64.24999999999999,89091.06267106393,1617.8541666666665,55.067424806663524
Sariyer,Temperate / Windy Coastal,RHmax_plus10pct,RHmax,+10%,32.0,71.5,200.0,2.0,250.0,1.0,4.0,131.40734265734267,89091.06267106393,1769.7652972027972,50.34060889987889
Sariyer,Temperate / Windy Coastal,Gmin_minus10pct,Gmin,-10%,32.0,65.0,180.0,2.0,250.0,1.0,4.0,128.0480769230769,89091.06267106393,1762.766826923077,50.54046928405901
Sariyer,Temperate / Windy Coastal,Gmin_plus10pct,Gmin,+10%,32.0,65.0,220.00000000000003,2.0,250.0,1.0,4.0,128.0480769230769,89091.06267106393,1762.766826923077,50.54046928405901
Sariyer,Temperate / Windy Coastal,Flow_minus10pct,Water flow rate,-10%,32.0,65.0,200.0,1.8,250.0,1.0,4.0,115.24326923076922,89091.06267106393,1762.766826923077,50.54046928405901
Sariyer,Temperate / Windy Coastal,Flow_plus10pct,Water flow rate,+10%,32.0,65.0,200.0,2.2,250.0,1.0,4.0,140.8528846153846,89091.06267106393,1762.766826923077,50.54046928405901
Sariyer,Temperate / Windy Coastal,Pump_minus10pct,Pump power,-10%,32.0,65.0,200.0,2.0,225.0,1.0,4.0,128.0480769230769,89091.06267106393,1736.0901442307693,51.3170718508621
Sariyer,Temperate / Windy Coastal,Pump_plus10pct,Pump power,+10%,32.0,65.0,200.0,2.0,275.0,1.0,4.0,128.0480769230769,89091.06267106393,1789.4435096153845,49.78702160327642
Sariyer,Temperate / Windy Coastal,PVarea_minus10pct,PV area,-10%,32.0,65.0,200.0,2.0,250.0,0.9,4.0,128.0480769230769,80181.95640395755,1762.766826923077,45.48642235565311
Sariyer,Temperate / Windy Coastal,PVarea_plus10pct,PV area,+10%,32.0,65.0,200.0,2.0,250.0,1.1,4.0,128.0480769230769,98000.16893817033,1762.766826923077,55.59451621246492
Sariyer,Temperate / Windy Coastal,PVarea_2m2,PV area design,2 m²,32.0,65.0,200.0,2.0,250.0,2.0,4.0,128.0480769230769,178182.12534212787,1762.766826923077,101.08093856811801
Sariyer,Temperate / Windy Coastal,PVarea_3m2,PV area design,3 m²,32.0,65.0,200.0,2.0,250.0,3.0,4.0,128.0480769230769,267273.1880131918,1762.766826923077,151.62140785217704
Mersin,Humid Mediterranean Coastal,Baseline,Baseline,baseline,32.0,65.0,200.0,2.0,250.0,1.0,201.0,6233.451923076922,87266.7446327988,15664.358173076922,5.5710386387096476
Mersin,Humid Mediterranean Coastal,Tset_minus10pct,Tset,-10%,28.8,65.0,200.0,2.0,250.0,1.0,492.0,16436.111538461537,87266.7446327988,38665.89903846154,2.2569433739531903
Mersin,Humid Mediterranean Coastal,Tset_plus10pct,Tset,+10%,35.2,65.0,200.0,2.0,250.0,1.0,0.0,0.0,87266.7446327988,1472.0,59.284473255977446
Mersin,Humid Mediterranean Coastal,RHmax_minus10pct,RHmax,-10%,32.0,58.5,200.0,2.0,250.0,1.0,127.0,3892.6923076923076,87266.7446327988,10343.77564102564,8.436643220168088
Mersin,Humid Mediterranean Coastal,RHmax_plus10pct,RHmax,+10%,32.0,71.5,200.0,2.0,250.0,1.0,207.0,6528.304195804197,87266.7446327988,16314.633741258742,5.348985825658247
Mersin,Humid Mediterranean Coastal,Gmin_minus10pct,Gmin,-10%,32.0,65.0,180.0,2.0,250.0,1.0,203.0,6293.486538461538,87266.7446327988,15801.430288461539,5.522711744424958
Mersin,Humid Mediterranean Coastal,Gmin_plus10pct,Gmin,+10%,32.0,65.0,220.00000000000003,2.0,250.0,1.0,201.0,6233.451923076922,87266.7446327988,15664.358173076922,5.5710386387096476
Mersin,Humid Mediterranean Coastal,Flow_minus10pct,Water flow rate,-10%,32.0,65.0,200.0,1.8,250.0,1.0,201.0,5610.106730769231,87266.7446327988,15664.358173076922,5.5710386387096476
Mersin,Humid Mediterranean Coastal,Flow_plus10pct,Water flow rate,+10%,32.0,65.0,200.0,2.2,250.0,1.0,201.0,6856.7971153846165,87266.7446327988,15664.358173076922,5.5710386387096476
Mersin,Humid Mediterranean Coastal,Pump_minus10pct,Pump power,-10%,32.0,65.0,200.0,2.0,225.0,1.0,201.0,6233.451923076922,87266.7446327988,14365.72235576923,6.074650649067622
Mersin,Humid Mediterranean Coastal,Pump_plus10pct,Pump power,+10%,32.0,65.0,200.0,2.0,275.0,1.0,201.0,6233.451923076922,87266.7446327988,16962.993990384617,5.1445366709594715
Mersin,Humid Mediterranean Coastal,PVarea_minus10pct,PV area,-10%,32.0,65.0,200.0,2.0,250.0,0.9,201.0,6233.451923076922,78540.07016951892,15664.358173076922,5.013934774838683
Mersin,Humid Mediterranean Coastal,PVarea_plus10pct,PV area,+10%,32.0,65.0,200.0,2.0,250.0,1.1,201.0,6233.451923076922,95993.4190960787,15664.358173076922,6.128142502580613
Mersin,Humid Mediterranean Coastal,PVarea_2m2,PV area design,2 m²,32.0,65.0,200.0,2.0,250.0,2.0,201.0,6233.451923076922,174533.4892655976,15664.358173076922,11.142077277419295
Mersin,Humid Mediterranean Coastal,PVarea_3m2,PV area design,3 m²,32.0,65.0,200.0,2.0,250.0,3.0,201.0,6233.451923076922,261800.2338983964,15664.358173076922,16.71311591612894
Silifke,Humid Mediterranean Coastal,Baseline,Baseline,baseline,32.0,65.0,200.0,2.0,250.0,1.0,403.0,13611.657692307692,89464.73044595604,32247.620192307695,2.7743048917233537
Silifke,Humid Mediterranean Coastal,Tset_minus10pct,Tset,-10%,28.8,65.0,200.0,2.0,250.0,1.0,624.0,23451.265384615384,89464.73044595604,54072.80288461538,1.6545236361588767
Silifke,Humid Mediterranean Coastal,Tset_plus10pct,Tset,+10%,35.2,65.0,200.0,2.0,250.0,1.0,29.0,1103.740384615384,89464.73044595604,3945.459134615384,22.675366134460635
Silifke,Humid Mediterranean Coastal,RHmax_minus10pct,RHmax,-10%,32.0,58.5,200.0,2.0,250.0,1.0,297.0,9943.471153846154,89464.73044595604,23969.564903846152,3.7324303050490726
Silifke,Humid Mediterranean Coastal,RHmax_plus10pct,RHmax,+10%,32.0,71.5,200.0,2.0,250.0,1.0,408.0,14206.956293706295,89464.73044595604,33517.82561188811,2.669168683013395
Silifke,Humid Mediterranean Coastal,Gmin_minus10pct,Gmin,-10%,32.0,65.0,180.0,2.0,250.0,1.0,405.0,13680.51923076923,89464.73044595604,32403.081730769234,2.760994500131213
Silifke,Humid Mediterranean Coastal,Gmin_plus10pct,Gmin,+10%,32.0,65.0,220.00000000000003,2.0,250.0,1.0,399.0,13471.753846153846,89464.73044595604,31932.153846153848,2.801712996780261
Silifke,Humid Mediterranean Coastal,Flow_minus10pct,Water flow rate,-10%,32.0,65.0,200.0,1.8,250.0,1.0,403.0,12250.491923076923,89464.73044595604,32247.620192307695,2.7743048917233537
Silifke,Humid Mediterranean Coastal,Flow_plus10pct,Water flow rate,+10%,32.0,65.0,200.0,2.2,250.0,1.0,403.0,14972.823461538463,89464.73044595604,32247.620192307695,2.7743048917233537
Silifke,Humid Mediterranean Coastal,Pump_minus10pct,Pump power,-10%,32.0,65.0,200.0,2.0,225.0,1.0,403.0,13611.657692307692,89464.73044595604,29411.858173076926,3.0417911687011467
Silifke,Humid Mediterranean Coastal,Pump_plus10pct,Pump power,+10%,32.0,65.0,200.0,2.0,275.0,1.0,403.0,13611.657692307692,89464.73044595604,35083.38221153846,2.550060022905439
Silifke,Humid Mediterranean Coastal,PVarea_minus10pct,PV area,-10%,32.0,65.0,200.0,2.0,250.0,0.9,403.0,13611.657692307692,80518.25740136043,32247.620192307695,2.4968744025510183
Silifke,Humid Mediterranean Coastal,PVarea_plus10pct,PV area,+10%,32.0,65.0,200.0,2.0,250.0,1.1,403.0,13611.657692307692,98411.20349055165,32247.620192307695,3.0517353808956895
Silifke,Humid Mediterranean Coastal,PVarea_2m2,PV area design,2 m²,32.0,65.0,200.0,2.0,250.0,2.0,403.0,13611.657692307692,178929.46089191208,32247.620192307695,5.548609783446707
Silifke,Humid Mediterranean Coastal,PVarea_3m2,PV area design,3 m²,32.0,65.0,200.0,2.0,250.0,3.0,403.0,13611.657692307692,268394.1913378681,32247.620192307695,8.322914675170061
Igdir.Airport,Semi-Arid Plateau,Baseline,Baseline,baseline,32.0,65.0,200.0,2.0,250.0,1.0,310.0,12546.490384615385,89452.98122766445,29470.521634615383,3.03533755990919
Igdir.Airport,Semi-Arid Plateau,Tset_minus10pct,Tset,-10%,28.8,65.0,200.0,2.0,250.0,1.0,563.0,28277.388461538463,89452.98122766445,63761.22596153846,1.402936971155849
Igdir.Airport,Semi-Arid Plateau,Tset_plus10pct,Tset,+10%,35.2,65.0,200.0,2.0,250.0,1.0,40.0,1539.14423076923,89452.98122766445,4918.550480769229,18.1868584204659
Igdir.Airport,Semi-Arid Plateau,RHmax_minus10pct,RHmax,-10%,32.0,58.5,200.0,2.0,250.0,1.0,310.0,12284.086538461539,89452.98122766445,28923.846955128203,3.092706906050214
Igdir.Airport,Semi-Arid Plateau,RHmax_plus10pct,RHmax,+10%,32.0,71.5,200.0,2.0,250.0,1.0,310.0,12761.18444055944,89452.98122766445,29917.80091783217,2.9899584355595805
Igdir.Airport,Semi-Arid Plateau,Gmin_minus10pct,Gmin,-10%,32.0,65.0,180.0,2.0,250.0,1.0,310.0,12546.490384615385,89452.98122766445,29470.521634615383,3.03533755990919
Igdir.Airport,Semi-Arid Plateau,Gmin_plus10pct,Gmin,+10%,32.0,65.0,220.00000000000003,2.0,250.0,1.0,310.0,12546.490384615385,89452.98122766445,29470.521634615383,3.03533755990919
Igdir.Airport,Semi-Arid Plateau,Flow_minus10pct,Water flow rate,-10%,32.0,65.0,200.0,1.8,250.0,1.0,310.0,11291.841346153846,89452.98122766445,29470.521634615383,3.03533755990919
Igdir.Airport,Semi-Arid Plateau,Flow_plus10pct,Water flow rate,+10%,32.0,65.0,200.0,2.2,250.0,1.0,310.0,13801.139423076922,89452.98122766445,29470.521634615383,3.03533755990919
Igdir.Airport,Semi-Arid Plateau,Pump_minus10pct,Pump power,-10%,32.0,65.0,200.0,2.0,225.0,1.0,310.0,12546.490384615385,89452.98122766445,26856.669471153844,3.3307548176717865
Igdir.Airport,Semi-Arid Plateau,Pump_plus10pct,Pump power,+10%,32.0,65.0,200.0,2.0,275.0,1.0,310.0,12546.490384615385,89452.98122766445,32084.373798076922,2.7880544526328297
Igdir.Airport,Semi-Arid Plateau,PVarea_minus10pct,PV area,-10%,32.0,65.0,200.0,2.0,250.0,0.9,310.0,12546.490384615385,80507.68310489801,29470.521634615383,2.7318038039182713
Igdir.Airport,Semi-Arid Plateau,PVarea_plus10pct,PV area,+10%,32.0,65.0,200.0,2.0,250.0,1.1,310.0,12546.490384615385,98398.27935043091,29470.521634615383,3.3388713159001093
Igdir.Airport,Semi-Arid Plateau,PVarea_2m2,PV area design,2 m²,32.0,65.0,200.0,2.0,250.0,2.0,310.0,12546.490384615385,178905.9624553289,29470.521634615383,6.07067511981838
Igdir.Airport,Semi-Arid Plateau,PVarea_3m2,PV area design,3 m²,32.0,65.0,200.0,2.0,250.0,3.0,310.0,12546.490384615385,268358.94368299335,29470.521634615383,9.10601267972757
Isparta-Suleyman.Demirel.Univ.AP,Semi-Arid Plateau,Baseline,Baseline,baseline,32.0,65.0,200.0,2.0,250.0,1.0,232.0,8863.621153846154,93113.96934003275,21329.877403846152,4.365424497153588
Isparta-Suleyman.Demirel.Univ.AP,Semi-Arid Plateau,Tset_minus10pct,Tset,-10%,28.8,65.0,200.0,2.0,250.0,1.0,493.0,24186.692307692305,93113.96934003275,54818.9423076923,1.6985728914176228
Isparta-Suleyman.Demirel.Univ.AP,Semi-Arid Plateau,Tset_plus10pct,Tset,+10%,35.2,65.0,200.0,2.0,250.0,1.0,5.0,175.14807692307681,93113.96934003275,1866.8918269230767,49.87646739741682
Isparta-Suleyman.Demirel.Univ.AP,Semi-Arid Plateau,RHmax_minus10pct,RHmax,-10%,32.0,58.5,200.0,2.0,250.0,1.0,232.0,8739.759615384615,93113.96934003275,21071.83253205128,4.418883322008273
Isparta-Suleyman.Demirel.Univ.AP,Semi-Arid Plateau,RHmax_plus10pct,RHmax,+10%,32.0,71.5,200.0,2.0,250.0,1.0,232.0,8964.962412587412,93113.96934003275,21541.00502622378,4.322638113991285
Isparta-Suleyman.Demirel.Univ.AP,Semi-Arid Plateau,Gmin_minus10pct,Gmin,-10%,32.0,65.0,180.0,2.0,250.0,1.0,232.0,8863.621153846154,93113.96934003275,21329.877403846152,4.365424497153588
Isparta-Suleyman.Demirel.Univ.AP,Semi-Arid Plateau,Gmin_plus10pct,Gmin,+10%,32.0,65.0,220.00000000000003,2.0,250.0,1.0,232.0,8863.621153846154,93113.96934003275,21329.877403846152,4.365424497153588
Isparta-Suleyman.Demirel.Univ.AP,Semi-Arid Plateau,Flow_minus10pct,Water flow rate,-10%,32.0,65.0,200.0,1.8,250.0,1.0,232.0,7977.259038461538,93113.96934003275,21329.877403846152,4.365424497153588
Isparta-Suleyman.Demirel.Univ.AP,Semi-Arid Plateau,Flow_plus10pct,Water flow rate,+10%,32.0,65.0,200.0,2.2,250.0,1.0,232.0,9749.98326923077,93113.96934003275,21329.877403846152,4.365424497153588
Isparta-Suleyman.Demirel.Univ.AP,Semi-Arid Plateau,Pump_minus10pct,Pump power,-10%,32.0,65.0,200.0,2.0,225.0,1.0,232.0,8863.621153846154,93113.96934003275,19483.28966346154,4.77917081501161
Isparta-Suleyman.Demirel.Univ.AP,Semi-Arid Plateau,Pump_plus10pct,Pump power,+10%,32.0,65.0,200.0,2.0,275.0,1.0,232.0,8863.621153846154,93113.96934003275,23176.46514423077,4.017608757874419
Isparta-Suleyman.Demirel.Univ.AP,Semi-Arid Plateau,PVarea_minus10pct,PV area,-10%,32.0,65.0,200.0,2.0,250.0,0.9,232.0,8863.621153846154,83802.57240602947,21329.877403846152,3.928882047438228
Isparta-Suleyman.Demirel.Univ.AP,Semi-Arid Plateau,PVarea_plus10pct,PV area,+10%,32.0,65.0,200.0,2.0,250.0,1.1,232.0,8863.621153846154,102425.36627403603,21329.877403846152,4.801966946868946
Isparta-Suleyman.Demirel.Univ.AP,Semi-Arid Plateau,PVarea_2m2,PV area design,2 m²,32.0,65.0,200.0,2.0,250.0,2.0,232.0,8863.621153846154,186227.9386800655,21329.877403846152,8.730848994307175
Isparta-Suleyman.Demirel.Univ.AP,Semi-Arid Plateau,PVarea_3m2,PV area design,3 m²,32.0,65.0,200.0,2.0,250.0,3.0,232.0,8863.621153846154,279341.9080200982,21329.877403846152,13.09627349146076
Cesme,Humid Mediterranean Coastal,Baseline,Baseline,baseline,32.0,65.0,200.0,2.0,250.0,1.0,10.0,311.6480769230769,98968.19278462941,2181.266826923077,45.371887365213
Cesme,Humid Mediterranean Coastal,Tset_minus10pct,Tset,-10%,28.8,65.0,200.0,2.0,250.0,1.0,311.0,10123.228846153845,98968.19278462941,24428.060096153844,4.051414332332176
Cesme,Humid Mediterranean Coastal,Tset_plus10pct,Tset,+10%,35.2,65.0,200.0,2.0,250.0,1.0,0.0,0.0,98968.19278462941,1472.0,67.23382661999281
Cesme,Humid Mediterranean Coastal,RHmax_minus10pct,RHmax,-10%,32.0,58.5,200.0,2.0,250.0,1.0,8.0,245.26923076923077,98968.19278462941,2030.9775641025642,48.729338292006624
Cesme,Humid Mediterranean Coastal,RHmax_plus10pct,RHmax,+10%,32.0,71.5,200.0,2.0,250.0,1.0,10.0,317.4414335664336,98968.19278462941,2193.33631993007,45.122214903998305
Cesme,Humid Mediterranean Coastal,Gmin_minus10pct,Gmin,-10%,32.0,65.0,180.0,2.0,250.0,1.0,10.0,311.6480769230769,98968.19278462941,2181.266826923077,45.371887365213
Cesme,Humid Mediterranean Coastal,Gmin_plus10pct,Gmin,+10%,32.0,65.0,220.00000000000003,2.0,250.0,1.0,10.0,311.6480769230769,98968.19278462941,2181.266826923077,45.371887365213
Cesme,Humid Mediterranean Coastal,Flow_minus10pct,Water flow rate,-10%,32.0,65.0,200.0,1.8,250.0,1.0,10.0,280.4832692307692,98968.19278462941,2181.266826923077,45.371887365213
Cesme,Humid Mediterranean Coastal,Flow_plus10pct,Water flow rate,+10%,32.0,65.0,200.0,2.2,250.0,1.0,10.0,342.81288461538463,98968.19278462941,2181.266826923077,45.371887365213
Cesme,Humid Mediterranean Coastal,Pump_minus10pct,Pump power,-10%,32.0,65.0,200.0,2.0,225.0,1.0,10.0,311.6480769230769,98968.19278462941,2116.3401442307695,46.76384042254303
Cesme,Humid Mediterranean Coastal,Pump_plus10pct,Pump power,+10%,32.0,65.0,200.0,2.0,275.0,1.0,10.0,311.6480769230769,98968.19278462941,2246.1935096153848,44.06040368337442
Cesme,Humid Mediterranean Coastal,PVarea_minus10pct,PV area,-10%,32.0,65.0,200.0,2.0,250.0,0.9,10.0,311.6480769230769,89071.37350616648,2181.266826923077,40.834698628691704
Cesme,Humid Mediterranean Coastal,PVarea_plus10pct,PV area,+10%,32.0,65.0,200.0,2.0,250.0,1.1,10.0,311.6480769230769,108865.01206309236,2181.266826923077,49.9090761017343
Cesme,Humid Mediterranean Coastal,PVarea_2m2,PV area design,2 m²,32.0,65.0,200.0,2.0,250.0,2.0,10.0,311.6480769230769,197936.38556925883,2181.266826923077,90.743774730426
Cesme,Humid Mediterranean Coastal,PVarea_3m2,PV area design,3 m²,32.0,65.0,200.0,2.0,250.0,3.0,10.0,311.6480769230769,296904.57835388824,2181.266826923077,136.115662095639
Cigli.AB,Temperate / Windy Coastal,Baseline,Baseline,baseline,32.0,65.0,200.0,2.0,250.0,1.0,429.0,18512.186538461538,95749.4331110942,42613.05528846154,2.246950669529217
Cigli.AB,Temperate / Windy Coastal,Tset_minus10pct,Tset,-10%,28.8,65.0,200.0,2.0,250.0,1.0,636.0,33240.77307692308,95749.4331110942,74539.61057692308,1.2845443163709998
Cigli.AB,Temperate / Windy Coastal,Tset_plus10pct,Tset,+10%,35.2,65.0,200.0,2.0,250.0,1.0,99.0,4098.28846153846,95749.4331110942,10604.10096153846,9.029472037128052
Cigli.AB,Temperate / Windy Coastal,RHmax_minus10pct,RHmax,-10%,32.0,58.5,200.0,2.0,250.0,1.0,429.0,17977.471153846152,95749.4331110942,41499.064903846156,2.3072672440438553
Cigli.AB,Temperate / Windy Coastal,RHmax_plus10pct,RHmax,+10%,32.0,71.5,200.0,2.0,250.0,1.0,429.0,18949.680944055945,95749.4331110942,43524.50196678322,2.199897271292563
Cigli.AB,Temperate / Windy Coastal,Gmin_minus10pct,Gmin,-10%,32.0,65.0,180.0,2.0,250.0,1.0,429.0,18512.186538461538,95749.4331110942,42613.05528846154,2.246950669529217
Cigli.AB,Temperate / Windy Coastal,Gmin_plus10pct,Gmin,+10%,32.0,65.0,220.00000000000003,2.0,250.0,1.0,429.0,18512.186538461538,95749.4331110942,42613.05528846154,2.246950669529217
Cigli.AB,Temperate / Windy Coastal,Flow_minus10pct,Water flow rate,-10%,32.0,65.0,200.0,1.8,250.0,1.0,429.0,16660.967884615384,95749.4331110942,42613.05528846154,2.246950669529217
Cigli.AB,Temperate / Windy Coastal,Flow_plus10pct,Water flow rate,+10%,32.0,65.0,200.0,2.2,250.0,1.0,429.0,20363.40519230769,95749.4331110942,42613.05528846154,2.246950669529217
Cigli.AB,Temperate / Windy Coastal,Pump_minus10pct,Pump power,-10%,32.0,65.0,200.0,2.0,225.0,1.0,429.0,18512.186538461538,95749.4331110942,38756.34975961538,2.470548276733387
Cigli.AB,Temperate / Windy Coastal,Pump_plus10pct,Pump power,+10%,32.0,65.0,200.0,2.0,275.0,1.0,429.0,18512.186538461538,95749.4331110942,46469.7608173077,2.060467526130073
Cigli.AB,Temperate / Windy Coastal,PVarea_minus10pct,PV area,-10%,32.0,65.0,200.0,2.0,250.0,0.9,429.0,18512.186538461538,86174.48979998479,42613.05528846154,2.0222556025762954
Cigli.AB,Temperate / Windy Coastal,PVarea_plus10pct,PV area,+10%,32.0,65.0,200.0,2.0,250.0,1.1,429.0,18512.186538461538,105324.37642220363,42613.05528846154,2.471645736482139
Cigli.AB,Temperate / Windy Coastal,PVarea_2m2,PV area design,2 m²,32.0,65.0,200.0,2.0,250.0,2.0,429.0,18512.186538461538,191498.8662221884,42613.05528846154,4.493901339058434
Cigli.AB,Temperate / Windy Coastal,PVarea_3m2,PV area design,3 m²,32.0,65.0,200.0,2.0,250.0,3.0,429.0,18512.186538461538,287248.29933328263,42613.05528846154,6.740852008587652
Dikili,Humid Mediterranean Coastal,Baseline,Baseline,baseline,32.0,65.0,200.0,2.0,250.0,1.0,82.0,3317.5096153846157,96927.86450027648,8875.478365384617,10.92086088320673
Dikili,Humid Mediterranean Coastal,Tset_minus10pct,Tset,-10%,28.8,65.0,200.0,2.0,250.0,1.0,289.0,11528.936538461538,96927.86450027648,27224.61778846154,3.5603021226383165
Dikili,Humid Mediterranean Coastal,Tset_plus10pct,Tset,+10%,35.2,65.0,200.0,2.0,250.0,1.0,29.0,1034.007692307692,96927.86450027648,3800.182692307692,25.506106508110072
Dikili,Humid Mediterranean Coastal,RHmax_minus10pct,RHmax,-10%,32.0,58.5,200.0,2.0,250.0,1.0,82.0,3149.7884615384614,96927.86450027648,8526.059294871795,11.368424866406464
Dikili,Humid Mediterranean Coastal,RHmax_plus10pct,RHmax,+10%,32.0,71.5,200.0,2.0,250.0,1.0,82.0,3454.7360139860143,96927.86450027648,9161.366695804198,10.580066022754918
Dikili,Humid Mediterranean Coastal,Gmin_minus10pct,Gmin,-10%,32.0,65.0,180.0,2.0,250.0,1.0,82.0,3317.5096153846157,96927.86450027648,8875.478365384617,10.92086088320673
Dikili,Humid Mediterranean Coastal,Gmin_plus10pct,Gmin,+10%,32.0,65.0,220.00000000000003,2.0,250.0,1.0,82.0,3317.5096153846157,96927.86450027648,8875.478365384617,10.92086088320673
Dikili,Humid Mediterranean Coastal,Flow_minus10pct,Water flow rate,-10%,32.0,65.0,200.0,1.8,250.0,1.0,82.0,2985.7586538461537,96927.86450027648,8875.478365384617,10.92086088320673
Dikili,Humid Mediterranean Coastal,Flow_plus10pct,Water flow rate,+10%,32.0,65.0,200.0,2.2,250.0,1.0,82.0,3649.2605769230777,96927.86450027648,8875.478365384617,10.92086088320673
Dikili,Humid Mediterranean Coastal,Pump_minus10pct,Pump power,-10%,32.0,65.0,200.0,2.0,225.0,1.0,82.0,3317.5096153846157,96927.86450027648,8184.330528846155,11.843102396542822
Dikili,Humid Mediterranean Coastal,Pump_plus10pct,Pump power,+10%,32.0,65.0,200.0,2.0,275.0,1.0,82.0,3317.5096153846157,96927.86450027648,9566.626201923078,10.131875381604447
Dikili,Humid Mediterranean Coastal,PVarea_minus10pct,PV area,-10%,32.0,65.0,200.0,2.0,250.0,0.9,82.0,3317.5096153846157,87235.07805024883,8875.478365384617,9.828774794886058
Dikili,Humid Mediterranean Coastal,PVarea_plus10pct,PV area,+10%,32.0,65.0,200.0,2.0,250.0,1.1,82.0,3317.5096153846157,106620.65095030415,8875.478365384617,12.012946971527406
Dikili,Humid Mediterranean Coastal,PVarea_2m2,PV area design,2 m²,32.0,65.0,200.0,2.0,250.0,2.0,82.0,3317.5096153846157,193855.72900055296,8875.478365384617,21.84172176641346
Dikili,Humid Mediterranean Coastal,PVarea_3m2,PV area design,3 m²,32.0,65.0,200.0,2.0,250.0,3.0,82.0,3317.5096153846157,290783.5935008294,8875.478365384617,32.76258264962019
Izmir-Guzelyali,Humid Mediterranean Coastal,Baseline,Baseline,baseline,32.0,65.0,200.0,2.0,250.0,1.0,277.0,11392.517307692307,96169.6306188553,26868.41105769231,3.579282392708606
Izmir-Guzelyali,Humid Mediterranean Coastal,Tset_minus10pct,Tset,-10%,28.8,65.0,200.0,2.0,250.0,1.0,586.0,28469.63653846154,96169.6306188553,64299.742788461546,1.4956456503293
Izmir-Guzelyali,Humid Mediterranean Coastal,Tset_plus10pct,Tset,+10%,35.2,65.0,200.0,2.0,250.0,1.0,37.0,1377.6288461538454,96169.6306188553,4564.060096153845,21.07107018592895
Izmir-Guzelyali,Humid Mediterranean Coastal,RHmax_minus10pct,RHmax,-10%,32.0,58.5,200.0,2.0,250.0,1.0,277.0,11127.769230769229,96169.6306188553,26316.852564102563,3.654298339233592
Izmir-Guzelyali,Humid Mediterranean Coastal,RHmax_plus10pct,RHmax,+10%,32.0,71.5,200.0,2.0,250.0,1.0,277.0,11609.129370629369,96169.6306188553,27319.68618881119,3.5201586853600717
Izmir-Guzelyali,Humid Mediterranean Coastal,Gmin_minus10pct,Gmin,-10%,32.0,65.0,180.0,2.0,250.0,1.0,277.0,11392.517307692307,96169.6306188553,26868.41105769231,3.579282392708606
Izmir-Guzelyali,Humid Mediterranean Coastal,Gmin_plus10pct,Gmin,+10%,32.0,65.0,220.00000000000003,2.0,250.0,1.0,277.0,11392.517307692307,96169.6306188553,26868.41105769231,3.579282392708606
Izmir-Guzelyali,Humid Mediterranean Coastal,Flow_minus10pct,Water flow rate,-10%,32.0,65.0,200.0,1.8,250.0,1.0,277.0,10253.265576923077,96169.6306188553,26868.41105769231,3.579282392708606
Izmir-Guzelyali,Humid Mediterranean Coastal,Flow_plus10pct,Water flow rate,+10%,32.0,65.0,200.0,2.2,250.0,1.0,277.0,12531.769038461538,96169.6306188553,26868.41105769231,3.579282392708606
Izmir-Guzelyali,Humid Mediterranean Coastal,Pump_minus10pct,Pump power,-10%,32.0,65.0,200.0,2.0,225.0,1.0,277.0,11392.517307692307,96169.6306188553,24494.969951923078,3.9260971051448506
Izmir-Guzelyali,Humid Mediterranean Coastal,Pump_plus10pct,Pump power,+10%,32.0,65.0,200.0,2.0,275.0,1.0,277.0,11392.517307692307,96169.6306188553,29241.852163461535,3.288766733422645
Izmir-Guzelyali,Humid Mediterranean Coastal,PVarea_minus10pct,PV area,-10%,32.0,65.0,200.0,2.0,250.0,0.9,277.0,11392.517307692307,86552.66755696977,26868.41105769231,3.2213541534377454
Izmir-Guzelyali,Humid Mediterranean Coastal,PVarea_plus10pct,PV area,+10%,32.0,65.0,200.0,2.0,250.0,1.1,277.0,11392.517307692307,105786.59368074084,26868.41105769231,3.9372106319794673
Izmir-Guzelyali,Humid Mediterranean Coastal,PVarea_2m2,PV area design,2 m²,32.0,65.0,200.0,2.0,250.0,2.0,277.0,11392.517307692307,192339.2612377106,26868.41105769231,7.158564785417212
Izmir-Guzelyali,Humid Mediterranean Coastal,PVarea_3m2,PV area design,3 m²,32.0,65.0,200.0,2.0,250.0,3.0,277.0,11392.517307692307,288508.8918565659,26868.41105769231,10.737847178125818
Kars.AP,Temperate Humid Transitional,Baseline,Baseline,baseline,32.0,65.0,200.0,2.0,250.0,1.0,1.0,30.0,88388.37247430347,1540.5,57.37641835397823
Kars.AP,Temperate Humid Transitional,Tset_minus10pct,Tset,-10%,28.8,65.0,200.0,2.0,250.0,1.0,70.0,2436.3230769230763,88388.37247430347,6967.673076923076,12.685493635894835
Kars.AP,Temperate Humid Transitional,Tset_plus10pct,Tset,+10%,35.2,65.0,200.0,2.0,250.0,1.0,0.0,0.0,88388.37247430347,1472.0,60.046448691782246
Kars.AP,Temperate Humid Transitional,RHmax_minus10pct,RHmax,-10%,32.0,58.5,200.0,2.0,250.0,1.0,1.0,30.0,88388.37247430347,1540.5,57.37641835397823
Kars.AP,Temperate Humid Transitional,RHmax_plus10pct,RHmax,+10%,32.0,71.5,200.0,2.0,250.0,1.0,1.0,30.0,88388.37247430347,1540.5,57.37641835397823
Kars.AP,Temperate Humid Transitional,Gmin_minus10pct,Gmin,-10%,32.0,65.0,180.0,2.0,250.0,1.0,1.0,30.0,88388.37247430347,1540.5,57.37641835397823
Kars.AP,Temperate Humid Transitional,Gmin_plus10pct,Gmin,+10%,32.0,65.0,220.00000000000003,2.0,250.0,1.0,1.0,30.0,88388.37247430347,1540.5,57.37641835397823
Kars.AP,Temperate Humid Transitional,Flow_minus10pct,Water flow rate,-10%,32.0,65.0,200.0,1.8,250.0,1.0,1.0,27.0,88388.37247430347,1540.5,57.37641835397823
Kars.AP,Temperate Humid Transitional,Flow_plus10pct,Water flow rate,+10%,32.0,65.0,200.0,2.2,250.0,1.0,1.0,33.0,88388.37247430347,1540.5,57.37641835397823
Kars.AP,Temperate Humid Transitional,Pump_minus10pct,Pump power,-10%,32.0,65.0,200.0,2.0,225.0,1.0,1.0,30.0,88388.37247430347,1534.25,57.61014989363107
Kars.AP,Temperate Humid Transitional,Pump_plus10pct,Pump power,+10%,32.0,65.0,200.0,2.0,275.0,1.0,1.0,30.0,88388.37247430347,1546.75,57.14457570667753
Kars.AP,Temperate Humid Transitional,PVarea_minus10pct,PV area,-10%,32.0,65.0,200.0,2.0,250.0,0.9,1.0,30.0,79549.53522687312,1540.5,51.63877651858041
Kars.AP,Temperate Humid Transitional,PVarea_plus10pct,PV area,+10%,32.0,65.0,200.0,2.0,250.0,1.1,1.0,30.0,97227.20972173383,1540.5,63.11406018937607
Kars.AP,Temperate Humid Transitional,PVarea_2m2,PV area design,2 m²,32.0,65.0,200.0,2.0,250.0,2.0,1.0,30.0,176776.74494860694,1540.5,114.75283670795646
Kars.AP,Temperate Humid Transitional,PVarea_3m2,PV area design,3 m²,32.0,65.0,200.0,2.0,250.0,3.0,1.0,30.0,265165.1174229104,1540.5,172.1292550619347
Karabuk,Temperate Humid Transitional,Baseline,Baseline,baseline,32.0,65.0,200.0,2.0,250.0,1.0,105.0,4046.659615384615,81635.76960625162,10532.540865384615,7.750814418821677
Karabuk,Temperate Humid Transitional,Tset_minus10pct,Tset,-10%,28.8,65.0,200.0,2.0,250.0,1.0,247.0,10467.351923076923,81635.76960625162,24760.983173076922,3.2969518631641295
Karabuk,Temperate Humid Transitional,Tset_plus10pct,Tset,+10%,35.2,65.0,200.0,2.0,250.0,1.0,17.0,639.530769230769,81635.76960625162,2906.3557692307686,28.088704924056263
Karabuk,Temperate Humid Transitional,RHmax_minus10pct,RHmax,-10%,32.0,58.5,200.0,2.0,250.0,1.0,104.0,3884.211538461538,81635.76960625162,10188.107371794871,8.012849357306056
Karabuk,Temperate Humid Transitional,RHmax_plus10pct,RHmax,+10%,32.0,71.5,200.0,2.0,250.0,1.0,107.0,4216.19055944056,81635.76960625162,10897.730332167832,7.491079988030151
Karabuk,Temperate Humid Transitional,Gmin_minus10pct,Gmin,-10%,32.0,65.0,180.0,2.0,250.0,1.0,106.0,4081.921153846153,81635.76960625162,10612.002403846154,7.692777149830272
Karabuk,Temperate Humid Transitional,Gmin_plus10pct,Gmin,+10%,32.0,65.0,220.00000000000003,2.0,250.0,1.0,104.0,4016.209615384615,81635.76960625162,10463.103365384615,7.802252042766735
Karabuk,Temperate Humid Transitional,Flow_minus10pct,Water flow rate,-10%,32.0,65.0,200.0,1.8,250.0,1.0,105.0,3641.9936538461534,81635.76960625162,10532.540865384615,7.750814418821677
Karabuk,Temperate Humid Transitional,Flow_plus10pct,Water flow rate,+10%,32.0,65.0,200.0,2.2,250.0,1.0,105.0,4451.325576923076,81635.76960625162,10532.540865384615,7.750814418821677
Karabuk,Temperate Humid Transitional,Pump_minus10pct,Pump power,-10%,32.0,65.0,200.0,2.0,225.0,1.0,105.0,4046.659615384615,81635.76960625162,9689.486778846152,8.425190257184395
Karabuk,Temperate Humid Transitional,Pump_plus10pct,Pump power,+10%,32.0,65.0,200.0,2.0,275.0,1.0,105.0,4046.659615384615,81635.76960625162,11375.594951923078,7.176395604033955
Karabuk,Temperate Humid Transitional,PVarea_minus10pct,PV area,-10%,32.0,65.0,200.0,2.0,250.0,0.9,105.0,4046.659615384615,73472.19264562646,10532.540865384615,6.9757329769395096
Karabuk,Temperate Humid Transitional,PVarea_plus10pct,PV area,+10%,32.0,65.0,200.0,2.0,250.0,1.1,105.0,4046.659615384615,89799.34656687679,10532.540865384615,8.525895860703846
Karabuk,Temperate Humid Transitional,PVarea_2m2,PV area design,2 m²,32.0,65.0,200.0,2.0,250.0,2.0,105.0,4046.659615384615,163271.53921250324,10532.540865384615,15.501628837643354
Karabuk,Temperate Humid Transitional,PVarea_3m2,PV area design,3 m²,32.0,65.0,200.0,2.0,250.0,3.0,105.0,4046.659615384615,244907.30881875486,10532.540865384615,23.252443256465032
Cengiz-Topel.AP,Temperate Humid Transitional,Baseline,Baseline,baseline,32.0,65.0,200.0,2.0,250.0,1.0,51.0,1658.7692307692307,84306.43462651597,5233.7692307692305,16.108168111593464
Cengiz-Topel.AP,Temperate Humid Transitional,Tset_minus10pct,Tset,-10%,28.8,65.0,200.0,2.0,250.0,1.0,280.0,9785.757692307692,84306.43462651597,23538.99519230769,3.581564715815332
Cengiz-Topel.AP,Temperate Humid Transitional,Tset_plus10pct,Tset,+10%,35.2,65.0,200.0,2.0,250.0,1.0,0.0,0.0,84306.43462651597,1472.0,57.27339308866574
Cengiz-Topel.AP,Temperate Humid Transitional,RHmax_minus10pct,RHmax,-10%,32.0,58.5,200.0,2.0,250.0,1.0,49.0,1575.576923076923,84306.43462651597,5048.451923076923,16.699462708784797
Cengiz-Topel.AP,Temperate Humid Transitional,RHmax_plus10pct,RHmax,+10%,32.0,71.5,200.0,2.0,250.0,1.0,51.0,1677.7447552447554,84306.43462651597,5273.301573426573,15.987410060398641
Cengiz-Topel.AP,Temperate Humid Transitional,Gmin_minus10pct,Gmin,-10%,32.0,65.0,180.0,2.0,250.0,1.0,51.0,1658.7692307692307,84306.43462651597,5233.7692307692305,16.108168111593464
Cengiz-Topel.AP,Temperate Humid Transitional,Gmin_plus10pct,Gmin,+10%,32.0,65.0,220.00000000000003,2.0,250.0,1.0,51.0,1658.7692307692307,84306.43462651597,5233.7692307692305,16.108168111593464
Cengiz-Topel.AP,Temperate Humid Transitional,Flow_minus10pct,Water flow rate,-10%,32.0,65.0,200.0,1.8,250.0,1.0,51.0,1492.8923076923077,84306.43462651597,5233.7692307692305,16.108168111593464
Cengiz-Topel.AP,Temperate Humid Transitional,Flow_plus10pct,Water flow rate,+10%,32.0,65.0,200.0,2.2,250.0,1.0,51.0,1824.646153846154,84306.43462651597,5233.7692307692305,16.108168111593464
Cengiz-Topel.AP,Temperate Humid Transitional,Pump_minus10pct,Pump power,-10%,32.0,65.0,200.0,2.0,225.0,1.0,51.0,1658.7692307692307,84306.43462651597,4888.192307692308,17.24695538140901
Cengiz-Topel.AP,Temperate Humid Transitional,Pump_plus10pct,Pump power,+10%,32.0,65.0,200.0,2.0,275.0,1.0,51.0,1658.7692307692307,84306.43462651597,5579.346153846154,15.110450633789561
Cengiz-Topel.AP,Temperate Humid Transitional,PVarea_minus10pct,PV area,-10%,32.0,65.0,200.0,2.0,250.0,0.9,51.0,1658.7692307692307,75875.79116386437,5233.7692307692305,14.497351300434117
Cengiz-Topel.AP,Temperate Humid Transitional,PVarea_plus10pct,PV area,+10%,32.0,65.0,200.0,2.0,250.0,1.1,51.0,1658.7692307692307,92737.07808916757,5233.7692307692305,17.71898492275281
Cengiz-Topel.AP,Temperate Humid Transitional,PVarea_2m2,PV area design,2 m²,32.0,65.0,200.0,2.0,250.0,2.0,51.0,1658.7692307692307,168612.86925303194,5233.7692307692305,32.21633622318693
Cengiz-Topel.AP,Temperate Humid Transitional,PVarea_3m2,PV area design,3 m²,32.0,65.0,200.0,2.0,250.0,3.0,51.0,1658.7692307692307,252919.30387954792,5233.7692307692305,48.32450433478039
Golcuk-Dumlupinar,Temperate Humid Transitional,Baseline,Baseline,baseline,32.0,65.0,200.0,2.0,250.0,1.0,120.0,4221.900000000001,86882.90242669832,10987.625,7.907341434267944
Golcuk-Dumlupinar,Temperate Humid Transitional,Tset_minus10pct,Tset,-10%,28.8,65.0,200.0,2.0,250.0,1.0,432.0,16739.39423076923,86882.90242669832,38937.73798076923,2.231328960855623
Golcuk-Dumlupinar,Temperate Humid Transitional,Tset_plus10pct,Tset,+10%,35.2,65.0,200.0,2.0,250.0,1.0,5.0,204.051923076923,86882.90242669832,1927.1081730769229,45.0846006677334
Golcuk-Dumlupinar,Temperate Humid Transitional,RHmax_minus10pct,RHmax,-10%,32.0,58.5,200.0,2.0,250.0,1.0,120.0,4123.75,86882.90242669832,10783.145833333334,8.057287156232467
Golcuk-Dumlupinar,Temperate Humid Transitional,RHmax_plus10pct,RHmax,+10%,32.0,71.5,200.0,2.0,250.0,1.0,120.0,4302.204545454546,86882.90242669832,11154.926136363638,7.7887474434699415
Golcuk-Dumlupinar,Temperate Humid Transitional,Gmin_minus10pct,Gmin,-10%,32.0,65.0,180.0,2.0,250.0,1.0,120.0,4221.900000000001,86882.90242669832,10987.625,7.907341434267944
Golcuk-Dumlupinar,Temperate Humid Transitional,Gmin_plus10pct,Gmin,+10%,32.0,65.0,220.00000000000003,2.0,250.0,1.0,120.0,4221.900000000001,86882.90242669832,10987.625,7.907341434267944
Golcuk-Dumlupinar,Temperate Humid Transitional,Flow_minus10pct,Water flow rate,-10%,32.0,65.0,200.0,1.8,250.0,1.0,120.0,3799.71,86882.90242669832,10987.625,7.907341434267944
Golcuk-Dumlupinar,Temperate Humid Transitional,Flow_plus10pct,Water flow rate,+10%,32.0,65.0,200.0,2.2,250.0,1.0,120.0,4644.09,86882.90242669832,10987.625,7.907341434267944
Golcuk-Dumlupinar,Temperate Humid Transitional,Pump_minus10pct,Pump power,-10%,32.0,65.0,200.0,2.0,225.0,1.0,120.0,4221.900000000001,86882.90242669832,10108.0625,8.595406135122168
Golcuk-Dumlupinar,Temperate Humid Transitional,Pump_plus10pct,Pump power,+10%,32.0,65.0,200.0,2.0,275.0,1.0,120.0,4221.900000000001,86882.90242669832,11867.1875,7.321271567226718
Golcuk-Dumlupinar,Temperate Humid Transitional,PVarea_minus10pct,PV area,-10%,32.0,65.0,200.0,2.0,250.0,0.9,120.0,4221.900000000001,78194.61218402849,10987.625,7.11660729084115
Golcuk-Dumlupinar,Temperate Humid Transitional,PVarea_plus10pct,PV area,+10%,32.0,65.0,200.0,2.0,250.0,1.1,120.0,4221.900000000001,95571.19266936816,10987.625,8.69807557769474
Golcuk-Dumlupinar,Temperate Humid Transitional,PVarea_2m2,PV area design,2 m²,32.0,65.0,200.0,2.0,250.0,2.0,120.0,4221.900000000001,173765.80485339664,10987.625,15.814682868535888
Golcuk-Dumlupinar,Temperate Humid Transitional,PVarea_3m2,PV area design,3 m²,32.0,65.0,200.0,2.0,250.0,3.0,120.0,4221.900000000001,260648.70728009497,10987.625,23.722024302803835
Izmit,Temperate Humid Transitional,Baseline,Baseline,baseline,32.0,65.0,200.0,2.0,250.0,1.0,122.0,4931.786538461539,82969.61620347566,12478.555288461539,6.648976126282392
Izmit,Temperate Humid Transitional,Tset_minus10pct,Tset,-10%,28.8,65.0,200.0,2.0,250.0,1.0,324.0,13058.567307692307,82969.61620347566,30621.348557692305,2.7095350176089186
Izmit,Temperate Humid Transitional,Tset_plus10pct,Tset,+10%,35.2,65.0,200.0,2.0,250.0,1.0,38.0,1402.7653846153842,82969.61620347566,4622.427884615384,17.94935870814116
Izmit,Temperate Humid Transitional,RHmax_minus10pct,RHmax,-10%,32.0,58.5,200.0,2.0,250.0,1.0,113.0,4456.4807692307695,82969.61620347566,11434.334935897436,7.256182075181069
Izmit,Temperate Humid Transitional,RHmax_plus10pct,RHmax,+10%,32.0,71.5,200.0,2.0,250.0,1.0,126.0,5228.779720279721,82969.61620347566,13121.291083916085,6.323281426564706
Izmit,Temperate Humid Transitional,Gmin_minus10pct,Gmin,-10%,32.0,65.0,180.0,2.0,250.0,1.0,123.0,4963.171153846154,82969.61620347566,12549.939903846156,6.611156454864626
Izmit,Temperate Humid Transitional,Gmin_plus10pct,Gmin,+10%,32.0,65.0,220.00000000000003,2.0,250.0,1.0,122.0,4931.786538461539,82969.61620347566,12478.555288461539,6.648976126282392
Izmit,Temperate Humid Transitional,Flow_minus10pct,Water flow rate,-10%,32.0,65.0,200.0,1.8,250.0,1.0,122.0,4438.607884615385,82969.61620347566,12478.555288461539,6.648976126282392
Izmit,Temperate Humid Transitional,Flow_plus10pct,Water flow rate,+10%,32.0,65.0,200.0,2.2,250.0,1.0,122.0,5424.965192307693,82969.61620347566,12478.555288461539,6.648976126282392
Izmit,Temperate Humid Transitional,Pump_minus10pct,Pump power,-10%,32.0,65.0,200.0,2.0,225.0,1.0,122.0,4931.786538461539,82969.61620347566,11451.099759615387,7.245558762494127
Izmit,Temperate Humid Transitional,Pump_plus10pct,Pump power,+10%,32.0,65.0,200.0,2.0,275.0,1.0,122.0,4931.786538461539,82969.61620347566,13506.010817307691,6.143162279801501
Izmit,Temperate Humid Transitional,PVarea_minus10pct,PV area,-10%,32.0,65.0,200.0,2.0,250.0,0.9,122.0,4931.786538461539,74672.6545831281,12478.555288461539,5.984078513654153
Izmit,Temperate Humid Transitional,PVarea_plus10pct,PV area,+10%,32.0,65.0,200.0,2.0,250.0,1.1,122.0,4931.786538461539,91266.57782382323,12478.555288461539,7.313873738910631
Izmit,Temperate Humid Transitional,PVarea_2m2,PV area design,2 m²,32.0,65.0,200.0,2.0,250.0,2.0,122.0,4931.786538461539,165939.2324069513,12478.555288461539,13.297952252564784
Izmit,Temperate Humid Transitional,PVarea_3m2,PV area design,3 m²,32.0,65.0,200.0,2.0,250.0,3.0,122.0,4931.786538461539,248908.84861042697,12478.555288461539,19.946928378847176
Kirsehir,Semi-Arid Plateau,Baseline,Baseline,baseline,32.0,65.0,200.0,2.0,250.0,1.0,110.0,5441.7750000000015,91730.5171593769,13469.03125,6.810476229266816
Kirsehir,Semi-Arid Plateau,Tset_minus10pct,Tset,-10%,28.8,65.0,200.0,2.0,250.0,1.0,327.0,17053.234615384616,91730.5171593769,38961.57211538461,2.3543843890004537
Kirsehir,Semi-Arid Plateau,Tset_plus10pct,Tset,+10%,35.2,65.0,200.0,2.0,250.0,1.0,28.0,1095.8596153846147,91730.5171593769,3923.040865384614,23.382503600401233
Kirsehir,Semi-Arid Plateau,RHmax_minus10pct,RHmax,-10%,32.0,58.5,200.0,2.0,250.0,1.0,110.0,5375.750000000001,91730.5171593769,13331.479166666668,6.880745640643919
Kirsehir,Semi-Arid Plateau,RHmax_plus10pct,RHmax,+10%,32.0,71.5,200.0,2.0,250.0,1.0,110.0,5495.795454545455,91730.5171593769,13581.573863636366,6.754041768677371
Kirsehir,Semi-Arid Plateau,Gmin_minus10pct,Gmin,-10%,32.0,65.0,180.0,2.0,250.0,1.0,111.0,5491.4019230769245,91730.5171593769,13578.420673076926,6.75561019708711
Kirsehir,Semi-Arid Plateau,Gmin_plus10pct,Gmin,+10%,32.0,65.0,220.00000000000003,2.0,250.0,1.0,106.0,5263.707692307693,91730.5171593769,13074.057692307693,7.016223984796079
Kirsehir,Semi-Arid Plateau,Flow_minus10pct,Water flow rate,-10%,32.0,65.0,200.0,1.8,250.0,1.0,110.0,4897.597500000001,91730.5171593769,13469.03125,6.810476229266816
Kirsehir,Semi-Arid Plateau,Flow_plus10pct,Water flow rate,+10%,32.0,65.0,200.0,2.2,250.0,1.0,110.0,5985.9525,91730.5171593769,13469.03125,6.810476229266816
Kirsehir,Semi-Arid Plateau,Pump_minus10pct,Pump power,-10%,32.0,65.0,200.0,2.0,225.0,1.0,110.0,5441.7750000000015,91730.5171593769,12335.328125000002,7.4364067359883785
Kirsehir,Semi-Arid Plateau,Pump_plus10pct,Pump power,+10%,32.0,65.0,200.0,2.0,275.0,1.0,110.0,5441.7750000000015,91730.5171593769,14602.734375000002,6.281735653318483
Kirsehir,Semi-Arid Plateau,PVarea_minus10pct,PV area,-10%,32.0,65.0,200.0,2.0,250.0,0.9,110.0,5441.7750000000015,82557.46544343921,13469.03125,6.129428606340134
Kirsehir,Semi-Arid Plateau,PVarea_plus10pct,PV area,+10%,32.0,65.0,200.0,2.0,250.0,1.1,110.0,5441.7750000000015,100903.56887531461,13469.03125,7.491523852193498
Kirsehir,Semi-Arid Plateau,PVarea_2m2,PV area design,2 m²,32.0,65.0,200.0,2.0,250.0,2.0,110.0,5441.7750000000015,183461.0343187538,13469.03125,13.620952458533631
Kirsehir,Semi-Arid Plateau,PVarea_3m2,PV area design,3 m²,32.0,65.0,200.0,2.0,250.0,3.0,110.0,5441.7750000000015,275191.55147813074,13469.03125,20.431428687800448
Kilis,Hot–Dry Inland,Baseline,Baseline,baseline,32.0,65.0,200.0,2.0,250.0,1.0,501.0,26486.72307692308,90248.29953157326,59658.67307692308,1.5127439964212468
Kilis,Hot–Dry Inland,Tset_minus10pct,Tset,-10%,28.8,65.0,200.0,2.0,250.0,1.0,653.0,43797.47307692308,90248.29953157326,96634.73557692306,0.9339115897899252
Kilis,Hot–Dry Inland,Tset_plus10pct,Tset,+10%,35.2,65.0,200.0,2.0,250.0,1.0,222.0,9246.323076923072,90248.29953157326,22067.17307692307,4.089708238430919
Kilis,Hot–Dry Inland,RHmax_minus10pct,RHmax,-10%,32.0,58.5,200.0,2.0,250.0,1.0,501.0,25880.94230769231,90248.29953157326,58396.62980769231,1.545436779978102
Kilis,Hot–Dry Inland,RHmax_plus10pct,RHmax,+10%,32.0,71.5,200.0,2.0,250.0,1.0,501.0,26982.36188811189,90248.29953157326,60691.25393356643,1.4870066720051691
Kilis,Hot–Dry Inland,Gmin_minus10pct,Gmin,-10%,32.0,65.0,180.0,2.0,250.0,1.0,505.0,26665.46538461539,90248.29953157326,60055.05288461539,1.5027594714631018
Kilis,Hot–Dry Inland,Gmin_plus10pct,Gmin,+10%,32.0,65.0,220.00000000000003,2.0,250.0,1.0,492.0,26075.544230769236,90248.29953157326,58748.050480769234,1.536192244559935
Kilis,Hot–Dry Inland,Flow_minus10pct,Water flow rate,-10%,32.0,65.0,200.0,1.8,250.0,1.0,501.0,23838.050769230773,90248.29953157326,59658.67307692308,1.5127439964212468
Kilis,Hot–Dry Inland,Flow_plus10pct,Water flow rate,+10%,32.0,65.0,200.0,2.2,250.0,1.0,501.0,29135.395384615385,90248.29953157326,59658.67307692308,1.5127439964212468
Kilis,Hot–Dry Inland,Pump_minus10pct,Pump power,-10%,32.0,65.0,200.0,2.0,225.0,1.0,501.0,26486.72307692308,90248.29953157326,54140.60576923078,1.666924450683986
Kilis,Hot–Dry Inland,Pump_plus10pct,Pump power,+10%,32.0,65.0,200.0,2.0,275.0,1.0,501.0,26486.72307692308,90248.29953157326,65176.7403846154,1.3846703440369634
Kilis,Hot–Dry Inland,PVarea_minus10pct,PV area,-10%,32.0,65.0,200.0,2.0,250.0,0.9,501.0,26486.72307692308,81223.46957841593,59658.67307692308,1.361469596779122
Kilis,Hot–Dry Inland,PVarea_plus10pct,PV area,+10%,32.0,65.0,200.0,2.0,250.0,1.1,501.0,26486.72307692308,99273.12948473058,59658.67307692308,1.6640183960633714
Kilis,Hot–Dry Inland,PVarea_2m2,PV area design,2 m²,32.0,65.0,200.0,2.0,250.0,2.0,501.0,26486.72307692308,180496.5990631465,59658.67307692308,3.0254879928424936
Kilis,Hot–Dry Inland,PVarea_3m2,PV area design,3 m²,32.0,65.0,200.0,2.0,250.0,3.0,501.0,26486.72307692308,270744.89859471977,59658.67307692308,4.53823198926374
Kirikkale,Semi-Arid Plateau,Baseline,Baseline,baseline,32.0,65.0,200.0,2.0,250.0,1.0,172.0,8902.978846153846,88988.62169958235,21051.872596153844,4.227111925227995
Kirikkale,Semi-Arid Plateau,Tset_minus10pct,Tset,-10%,28.8,65.0,200.0,2.0,250.0,1.0,407.0,22544.23269230769,88988.62169958235,50881.15144230769,1.7489506266477353
Kirikkale,Semi-Arid Plateau,Tset_plus10pct,Tset,+10%,35.2,65.0,200.0,2.0,250.0,1.0,56.0,2582.4230769230753,88988.62169958235,7188.0480769230735,12.380081594790187
Kirikkale,Semi-Arid Plateau,RHmax_minus10pct,RHmax,-10%,32.0,58.5,200.0,2.0,250.0,1.0,172.0,8773.615384615385,88988.62169958235,20782.365384615383,4.281929417209564
Kirikkale,Semi-Arid Plateau,RHmax_plus10pct,RHmax,+10%,32.0,71.5,200.0,2.0,250.0,1.0,172.0,9008.821678321678,88988.62169958235,21272.378496503494,4.183294393441207
Kirikkale,Semi-Arid Plateau,Gmin_minus10pct,Gmin,-10%,32.0,65.0,180.0,2.0,250.0,1.0,175.0,9065.688461538462,88988.62169958235,21408.85096153846,4.156627642438758
Kirikkale,Semi-Arid Plateau,Gmin_plus10pct,Gmin,+10%,32.0,65.0,220.00000000000003,2.0,250.0,1.0,168.0,8701.425,88988.62169958235,20607.96875,4.3181655979356215
Kirikkale,Semi-Arid Plateau,Flow_minus10pct,Water flow rate,-10%,32.0,65.0,200.0,1.8,250.0,1.0,172.0,8012.680961538461,88988.62169958235,21051.872596153844,4.227111925227995
Kirikkale,Semi-Arid Plateau,Flow_plus10pct,Water flow rate,+10%,32.0,65.0,200.0,2.2,250.0,1.0,172.0,9793.27673076923,88988.62169958235,21051.872596153844,4.227111925227995
Kirikkale,Semi-Arid Plateau,Pump_minus10pct,Pump power,-10%,32.0,65.0,200.0,2.0,225.0,1.0,172.0,8902.978846153846,88988.62169958235,19197.08533653846,4.635527744944036
Kirikkale,Semi-Arid Plateau,Pump_plus10pct,Pump power,+10%,32.0,65.0,200.0,2.0,275.0,1.0,172.0,8902.978846153846,88988.62169958235,22906.65985576923,3.884836211822032
Kirikkale,Semi-Arid Plateau,PVarea_minus10pct,PV area,-10%,32.0,65.0,200.0,2.0,250.0,0.9,172.0,8902.978846153846,80089.75952962412,21051.872596153844,3.804400732705196
Kirikkale,Semi-Arid Plateau,PVarea_plus10pct,PV area,+10%,32.0,65.0,200.0,2.0,250.0,1.1,172.0,8902.978846153846,97887.48386954059,21051.872596153844,4.649823117750795
Kirikkale,Semi-Arid Plateau,PVarea_2m2,PV area design,2 m²,32.0,65.0,200.0,2.0,250.0,2.0,172.0,8902.978846153846,177977.2433991647,21051.872596153844,8.45422385045599
Kirikkale,Semi-Arid Plateau,PVarea_3m2,PV area design,3 m²,32.0,65.0,200.0,2.0,250.0,3.0,172.0,8902.978846153846,266965.8650987471,21051.872596153844,12.681335775683987
Kirklareli,Temperate Humid Transitional,Baseline,Baseline,baseline,32.0,65.0,200.0,2.0,250.0,1.0,91.0,3098.584615384616,85041.21248422927,8473.384615384615,10.03627432771375
Kirklareli,Temperate Humid Transitional,Tset_minus10pct,Tset,-10%,28.8,65.0,200.0,2.0,250.0,1.0,394.0,15374.048076923076,85041.21248422927,35865.26682692308,2.371130065604061
Kirklareli,Temperate Humid Transitional,Tset_plus10pct,Tset,+10%,35.2,65.0,200.0,2.0,250.0,1.0,0.0,0.0,85041.21248422927,1472.0,57.7725628289601
Kirklareli,Temperate Humid Transitional,RHmax_minus10pct,RHmax,-10%,32.0,58.5,200.0,2.0,250.0,1.0,91.0,3032.038461538462,85041.21248422927,8334.746794871795,10.203214875892025
Kirklareli,Temperate Humid Transitional,RHmax_plus10pct,RHmax,+10%,32.0,71.5,200.0,2.0,250.0,1.0,91.0,3153.0314685314693,85041.21248422927,8586.81555944056,9.903696183474308
Kirklareli,Temperate Humid Transitional,Gmin_minus10pct,Gmin,-10%,32.0,65.0,180.0,2.0,250.0,1.0,91.0,3098.584615384616,85041.21248422927,8473.384615384615,10.03627432771375
Kirklareli,Temperate Humid Transitional,Gmin_plus10pct,Gmin,+10%,32.0,65.0,220.00000000000003,2.0,250.0,1.0,91.0,3098.584615384616,85041.21248422927,8473.384615384615,10.03627432771375
Kirklareli,Temperate Humid Transitional,Flow_minus10pct,Water flow rate,-10%,32.0,65.0,200.0,1.8,250.0,1.0,91.0,2788.7261538461544,85041.21248422927,8473.384615384615,10.03627432771375
Kirklareli,Temperate Humid Transitional,Flow_plus10pct,Water flow rate,+10%,32.0,65.0,200.0,2.2,250.0,1.0,91.0,3408.4430769230776,85041.21248422927,8473.384615384615,10.03627432771375
Kirklareli,Temperate Humid Transitional,Pump_minus10pct,Pump power,-10%,32.0,65.0,200.0,2.0,225.0,1.0,91.0,3098.584615384616,85041.21248422927,7827.846153846155,10.863935086721765
Kirklareli,Temperate Humid Transitional,Pump_plus10pct,Pump power,+10%,32.0,65.0,200.0,2.0,275.0,1.0,91.0,3098.584615384616,85041.21248422927,9118.923076923078,9.325795575514825
Kirklareli,Temperate Humid Transitional,PVarea_minus10pct,PV area,-10%,32.0,65.0,200.0,2.0,250.0,0.9,91.0,3098.584615384616,76537.09123580635,8473.384615384615,9.032646894942376
Kirklareli,Temperate Humid Transitional,PVarea_plus10pct,PV area,+10%,32.0,65.0,200.0,2.0,250.0,1.1,91.0,3098.584615384616,93545.3337326522,8473.384615384615,11.039901760485126
Kirklareli,Temperate Humid Transitional,PVarea_2m2,PV area design,2 m²,32.0,65.0,200.0,2.0,250.0,2.0,91.0,3098.584615384616,170082.42496845854,8473.384615384615,20.0725486554275
Kirklareli,Temperate Humid Transitional,PVarea_3m2,PV area design,3 m²,32.0,65.0,200.0,2.0,250.0,3.0,91.0,3098.584615384616,255123.6374526878,8473.384615384615,30.108822983141252
Kahramanmaras,Hot–Dry Inland,Baseline,Baseline,baseline,32.0,65.0,200.0,2.0,250.0,1.0,502.0,30356.019230769234,89299.85721714591,67725.70673076923,1.3185518694126093
Kahramanmaras,Hot–Dry Inland,Tset_minus10pct,Tset,-10%,28.8,65.0,200.0,2.0,250.0,1.0,642.0,45787.17115384615,89299.85721714591,100713.93990384616,0.886668293410053
Kahramanmaras,Hot–Dry Inland,Tset_plus10pct,Tset,+10%,35.2,65.0,200.0,2.0,250.0,1.0,264.0,13925.388461538456,89299.85721714591,32067.225961538446,2.7847702612085157
Kahramanmaras,Hot–Dry Inland,RHmax_minus10pct,RHmax,-10%,32.0,58.5,200.0,2.0,250.0,1.0,502.0,29734.576923076922,89299.85721714591,66431.03525641025,1.344249067810951
Kahramanmaras,Hot–Dry Inland,RHmax_plus10pct,RHmax,+10%,32.0,71.5,200.0,2.0,250.0,1.0,502.0,30864.472027972028,89299.85721714591,68784.98339160839,1.2982464022523887
Kahramanmaras,Hot–Dry Inland,Gmin_minus10pct,Gmin,-10%,32.0,65.0,180.0,2.0,250.0,1.0,506.0,30550.75384615385,89299.85721714591,68155.40384615384,1.3102388391494402
Kahramanmaras,Hot–Dry Inland,Gmin_plus10pct,Gmin,+10%,32.0,65.0,220.00000000000003,2.0,250.0,1.0,500.0,30277.5,89299.85721714591,67550.125,1.3219791557328118
Kahramanmaras,Hot–Dry Inland,Flow_minus10pct,Water flow rate,-10%,32.0,65.0,200.0,1.8,250.0,1.0,502.0,27320.417307692307,89299.85721714591,67725.70673076923,1.3185518694126093
Kahramanmaras,Hot–Dry Inland,Flow_plus10pct,Water flow rate,+10%,32.0,65.0,200.0,2.2,250.0,1.0,502.0,33391.62115384615,89299.85721714591,67725.70673076923,1.3185518694126093
Kahramanmaras,Hot–Dry Inland,Pump_minus10pct,Pump power,-10%,32.0,65.0,200.0,2.0,225.0,1.0,502.0,30356.019230769234,89299.85721714591,61401.53605769231,1.454358684662882
Kahramanmaras,Hot–Dry Inland,Pump_plus10pct,Pump power,+10%,32.0,65.0,200.0,2.0,275.0,1.0,502.0,30356.019230769234,89299.85721714591,74049.87740384616,1.2059419994732856
Kahramanmaras,Hot–Dry Inland,PVarea_minus10pct,PV area,-10%,32.0,65.0,200.0,2.0,250.0,0.9,502.0,30356.019230769234,80369.87149543132,67725.70673076923,1.1866966824713483
Kahramanmaras,Hot–Dry Inland,PVarea_plus10pct,PV area,+10%,32.0,65.0,200.0,2.0,250.0,1.1,502.0,30356.019230769234,98229.84293886051,67725.70673076923,1.4504070563538705
Kahramanmaras,Hot–Dry Inland,PVarea_2m2,PV area design,2 m²,32.0,65.0,200.0,2.0,250.0,2.0,502.0,30356.019230769234,178599.71443429182,67725.70673076923,2.6371037388252185
Kahramanmaras,Hot–Dry Inland,PVarea_3m2,PV area design,3 m²,32.0,65.0,200.0,2.0,250.0,3.0,502.0,30356.019230769234,267899.5716514377,67725.70673076923,3.955655608237828
Aksehir,Semi-Arid Plateau,Baseline,Baseline,baseline,32.0,65.0,200.0,2.0,250.0,1.0,101.0,4328.059615384616,89435.86769370624,11094.790865384617,8.061068367925998
Aksehir,Semi-Arid Plateau,Tset_minus10pct,Tset,-10%,28.8,65.0,200.0,2.0,250.0,1.0,285.0,14285.85576923077,89435.86769370624,32944.199519230766,2.714768274806591
Aksehir,Semi-Arid Plateau,Tset_plus10pct,Tset,+10%,35.2,65.0,200.0,2.0,250.0,1.0,15.0,525.0807692307689,89435.86769370624,2655.9182692307686,33.67417918308513
Aksehir,Semi-Arid Plateau,RHmax_minus10pct,RHmax,-10%,32.0,58.5,200.0,2.0,250.0,1.0,101.0,4259.913461538463,89435.86769370624,10952.819711538463,8.1655564547902
Aksehir,Semi-Arid Plateau,RHmax_plus10pct,RHmax,+10%,32.0,71.5,200.0,2.0,250.0,1.0,101.0,4383.81555944056,89435.86769370624,11210.949082167834,7.977546507276817
Aksehir,Semi-Arid Plateau,Gmin_minus10pct,Gmin,-10%,32.0,65.0,180.0,2.0,250.0,1.0,101.0,4328.059615384616,89435.86769370624,11094.790865384617,8.061068367925998
Aksehir,Semi-Arid Plateau,Gmin_plus10pct,Gmin,+10%,32.0,65.0,220.00000000000003,2.0,250.0,1.0,101.0,4328.059615384616,89435.86769370624,11094.790865384617,8.061068367925998
Aksehir,Semi-Arid Plateau,Flow_minus10pct,Water flow rate,-10%,32.0,65.0,200.0,1.8,250.0,1.0,101.0,3895.2536538461545,89435.86769370624,11094.790865384617,8.061068367925998
Aksehir,Semi-Arid Plateau,Flow_plus10pct,Water flow rate,+10%,32.0,65.0,200.0,2.2,250.0,1.0,101.0,4760.865576923077,89435.86769370624,11094.790865384617,8.061068367925998
Aksehir,Semi-Arid Plateau,Pump_minus10pct,Pump power,-10%,32.0,65.0,200.0,2.0,225.0,1.0,101.0,4328.059615384616,89435.86769370624,10193.111778846156,8.77414764344223
Aksehir,Semi-Arid Plateau,Pump_plus10pct,Pump power,+10%,32.0,65.0,200.0,2.0,275.0,1.0,101.0,4328.059615384616,89435.86769370624,11996.469951923078,7.4551820704030805
Aksehir,Semi-Arid Plateau,PVarea_minus10pct,PV area,-10%,32.0,65.0,200.0,2.0,250.0,0.9,101.0,4328.059615384616,80492.28092433562,11094.790865384617,7.2549615311333975
Aksehir,Semi-Arid Plateau,PVarea_plus10pct,PV area,+10%,32.0,65.0,200.0,2.0,250.0,1.1,101.0,4328.059615384616,98379.45446307688,11094.790865384617,8.867175204718599
Aksehir,Semi-Arid Plateau,PVarea_2m2,PV area design,2 m²,32.0,65.0,200.0,2.0,250.0,2.0,101.0,4328.059615384616,178871.73538741248,11094.790865384617,16.122136735851996
Aksehir,Semi-Arid Plateau,PVarea_3m2,PV area design,3 m²,32.0,65.0,200.0,2.0,250.0,3.0,101.0,4328.059615384616,268307.6030811187,11094.790865384617,24.183205103777993
Cihanbeyli,Semi-Arid Plateau,Baseline,Baseline,baseline,32.0,65.0,200.0,2.0,250.0,1.0,139.0,6210.801923076923,93657.04536688516,15245.170673076924,6.143391069559105
Cihanbeyli,Semi-Arid Plateau,Tset_minus10pct,Tset,-10%,28.8,65.0,200.0,2.0,250.0,1.0,409.0,20964.709615384614,93657.04536688516,47602.47836538461,1.9674825467698827
Cihanbeyli,Semi-Arid Plateau,Tset_plus10pct,Tset,+10%,35.2,65.0,200.0,2.0,250.0,1.0,24.0,841.9499999999996,93657.04536688516,3370.062499999999,27.790892711006155
Cihanbeyli,Semi-Arid Plateau,RHmax_minus10pct,RHmax,-10%,32.0,58.5,200.0,2.0,250.0,1.0,139.0,6125.182692307693,93657.04536688516,15066.797275641027,6.216121691522557
Cihanbeyli,Semi-Arid Plateau,RHmax_plus10pct,RHmax,+10%,32.0,71.5,200.0,2.0,250.0,1.0,139.0,6280.854020979022,93657.04536688516,15391.112543706296,6.085138101675646
Cihanbeyli,Semi-Arid Plateau,Gmin_minus10pct,Gmin,-10%,32.0,65.0,180.0,2.0,250.0,1.0,141.0,6303.080769230769,93657.04536688516,15449.41826923077,6.062172939767807
Cihanbeyli,Semi-Arid Plateau,Gmin_plus10pct,Gmin,+10%,32.0,65.0,220.00000000000003,2.0,250.0,1.0,138.0,6151.828846153846,93657.04536688516,15116.310096153846,6.195761053533495
Cihanbeyli,Semi-Arid Plateau,Flow_minus10pct,Water flow rate,-10%,32.0,65.0,200.0,1.8,250.0,1.0,139.0,5589.721730769232,93657.04536688516,15245.170673076924,6.143391069559105
Cihanbeyli,Semi-Arid Plateau,Flow_plus10pct,Water flow rate,+10%,32.0,65.0,200.0,2.2,250.0,1.0,139.0,6831.882115384616,93657.04536688516,15245.170673076924,6.143391069559105
Cihanbeyli,Semi-Arid Plateau,Pump_minus10pct,Pump power,-10%,32.0,65.0,200.0,2.0,225.0,1.0,139.0,6210.801923076923,93657.04536688516,13951.25360576923,6.713163419820235
Cihanbeyli,Semi-Arid Plateau,Pump_plus10pct,Pump power,+10%,32.0,65.0,200.0,2.0,275.0,1.0,139.0,6210.801923076923,93657.04536688516,16539.087740384617,5.662769726905576
Cihanbeyli,Semi-Arid Plateau,PVarea_minus10pct,PV area,-10%,32.0,65.0,200.0,2.0,250.0,0.9,139.0,6210.801923076923,84291.34083019664,15245.170673076924,5.529051962603195
Cihanbeyli,Semi-Arid Plateau,PVarea_plus10pct,PV area,+10%,32.0,65.0,200.0,2.0,250.0,1.1,139.0,6210.801923076923,103022.74990357368,15245.170673076924,6.757730176515017
Cihanbeyli,Semi-Arid Plateau,PVarea_2m2,PV area design,2 m²,32.0,65.0,200.0,2.0,250.0,2.0,139.0,6210.801923076923,187314.0907337703,15245.170673076924,12.28678213911821
Cihanbeyli,Semi-Arid Plateau,PVarea_3m2,PV area design,3 m²,32.0,65.0,200.0,2.0,250.0,3.0,139.0,6210.801923076923,280971.1361006555,15245.170673076924,18.430173208677317
Konya-Eregli,Semi-Arid Plateau,Baseline,Baseline,baseline,32.0,65.0,200.0,2.0,250.0,1.0,147.0,6539.919230769233,95069.05435637065,15978.831730769234,5.949687433863097
Konya-Eregli,Semi-Arid Plateau,Tset_minus10pct,Tset,-10%,28.8,65.0,200.0,2.0,250.0,1.0,399.0,21193.355769230766,95069.05435637065,48018.824519230766,1.979828854792083
Konya-Eregli,Semi-Arid Plateau,Tset_plus10pct,Tset,+10%,35.2,65.0,200.0,2.0,250.0,1.0,24.0,931.1711538461537,95069.05435637065,3555.9399038461534,26.735281508425565
Konya-Eregli,Semi-Arid Plateau,RHmax_minus10pct,RHmax,-10%,32.0,58.5,200.0,2.0,250.0,1.0,147.0,6481.201923076926,95069.05435637065,15856.504006410261,5.995587319748247
Konya-Eregli,Semi-Arid Plateau,RHmax_plus10pct,RHmax,+10%,32.0,71.5,200.0,2.0,250.0,1.0,147.0,6587.9606643356665,95069.05435637065,16078.918050699307,5.912652459363451
Konya-Eregli,Semi-Arid Plateau,Gmin_minus10pct,Gmin,-10%,32.0,65.0,180.0,2.0,250.0,1.0,149.0,6610.338461538464,95069.05435637065,16137.538461538465,5.891174455320696
Konya-Eregli,Semi-Arid Plateau,Gmin_plus10pct,Gmin,+10%,32.0,65.0,220.00000000000003,2.0,250.0,1.0,144.0,6403.136538461541,95069.05435637065,15675.867788461543,6.0646756938297
Konya-Eregli,Semi-Arid Plateau,Flow_minus10pct,Water flow rate,-10%,32.0,65.0,200.0,1.8,250.0,1.0,147.0,5885.927307692309,95069.05435637065,15978.831730769234,5.949687433863097
Konya-Eregli,Semi-Arid Plateau,Flow_plus10pct,Water flow rate,+10%,32.0,65.0,200.0,2.2,250.0,1.0,147.0,7193.911153846156,95069.05435637065,15978.831730769234,5.949687433863097
Konya-Eregli,Semi-Arid Plateau,Pump_minus10pct,Pump power,-10%,32.0,65.0,200.0,2.0,225.0,1.0,147.0,6539.919230769233,95069.05435637065,14616.348557692312,6.504295787769618
Konya-Eregli,Semi-Arid Plateau,Pump_plus10pct,Pump power,+10%,32.0,65.0,200.0,2.0,275.0,1.0,147.0,6539.919230769233,95069.05435637065,17341.31490384616,5.482228705464839
Konya-Eregli,Semi-Arid Plateau,PVarea_minus10pct,PV area,-10%,32.0,65.0,200.0,2.0,250.0,0.9,147.0,6539.919230769233,85562.14892073358,15978.831730769234,5.354718690476788
Konya-Eregli,Semi-Arid Plateau,PVarea_plus10pct,PV area,+10%,32.0,65.0,200.0,2.0,250.0,1.1,147.0,6539.919230769233,104575.95979200772,15978.831730769234,6.544656177249408
Konya-Eregli,Semi-Arid Plateau,PVarea_2m2,PV area design,2 m²,32.0,65.0,200.0,2.0,250.0,2.0,147.0,6539.919230769233,190138.1087127413,15978.831730769234,11.899374867726195
Konya-Eregli,Semi-Arid Plateau,PVarea_3m2,PV area design,3 m²,32.0,65.0,200.0,2.0,250.0,3.0,147.0,6539.919230769233,285207.16306911194,15978.831730769234,17.849062301589292
Konya.AP,Semi-Arid Plateau,Baseline,Baseline,baseline,32.0,65.0,200.0,2.0,250.0,1.0,111.0,4735.488461538463,93310.81996449486,12003.600961538461,7.773568970134736
Konya.AP,Semi-Arid Plateau,Tset_minus10pct,Tset,-10%,28.8,65.0,200.0,2.0,250.0,1.0,325.0,16043.56153846154,93310.81996449486,36846.08653846153,2.5324485917138855
Konya.AP,Semi-Arid Plateau,Tset_plus10pct,Tset,+10%,35.2,65.0,200.0,2.0,250.0,1.0,11.0,406.3096153846152,93310.81996449486,2384.478365384615,39.13259240221451
Konya.AP,Semi-Arid Plateau,RHmax_minus10pct,RHmax,-10%,32.0,58.5,200.0,2.0,250.0,1.0,111.0,4694.403846153847,93310.81996449486,11918.008012820514,7.829397317413948
Konya.AP,Semi-Arid Plateau,RHmax_plus10pct,RHmax,+10%,32.0,71.5,200.0,2.0,250.0,1.0,111.0,4769.103146853147,93310.81996449486,12073.631555944055,7.7284799964395425
Konya.AP,Semi-Arid Plateau,Gmin_minus10pct,Gmin,-10%,32.0,65.0,180.0,2.0,250.0,1.0,111.0,4735.488461538463,93310.81996449486,12003.600961538461,7.773568970134736
Konya.AP,Semi-Arid Plateau,Gmin_plus10pct,Gmin,+10%,32.0,65.0,220.00000000000003,2.0,250.0,1.0,110.0,4700.400000000001,93310.81996449486,11924.5,7.825134803513343
Konya.AP,Semi-Arid Plateau,Flow_minus10pct,Water flow rate,-10%,32.0,65.0,200.0,1.8,250.0,1.0,111.0,4261.9396153846155,93310.81996449486,12003.600961538461,7.773568970134736
Konya.AP,Semi-Arid Plateau,Flow_plus10pct,Water flow rate,+10%,32.0,65.0,200.0,2.2,250.0,1.0,111.0,5209.037307692308,93310.81996449486,12003.600961538461,7.773568970134736
Konya.AP,Semi-Arid Plateau,Pump_minus10pct,Pump power,-10%,32.0,65.0,200.0,2.0,225.0,1.0,111.0,4735.488461538463,93310.81996449486,11017.040865384615,8.469680843036185
Konya.AP,Semi-Arid Plateau,Pump_plus10pct,Pump power,+10%,32.0,65.0,200.0,2.0,275.0,1.0,111.0,4735.488461538463,93310.81996449486,12990.161057692309,7.183191921184036
Konya.AP,Semi-Arid Plateau,PVarea_minus10pct,PV area,-10%,32.0,65.0,200.0,2.0,250.0,0.9,111.0,4735.488461538463,83979.73796804537,12003.600961538461,6.996212073121263
Konya.AP,Semi-Arid Plateau,PVarea_plus10pct,PV area,+10%,32.0,65.0,200.0,2.0,250.0,1.1,111.0,4735.488461538463,102641.90196094435,12003.600961538461,8.55092586714821
Konya.AP,Semi-Arid Plateau,PVarea_2m2,PV area design,2 m²,32.0,65.0,200.0,2.0,250.0,2.0,111.0,4735.488461538463,186621.63992898972,12003.600961538461,15.547137940269472
Konya.AP,Semi-Arid Plateau,PVarea_3m2,PV area design,3 m²,32.0,65.0,200.0,2.0,250.0,3.0,111.0,4735.488461538463,279932.4598934846,12003.600961538461,23.32070691040421
Karaman,Semi-Arid Plateau,Baseline,Baseline,baseline,32.0,65.0,200.0,2.0,250.0,1.0,80.0,3178.223076923077,95881.40784797569,8573.298076923078,11.183724978146
Karaman,Semi-Arid Plateau,Tset_minus10pct,Tset,-10%,28.8,65.0,200.0,2.0,250.0,1.0,316.0,14903.123076923075,95881.40784797569,34416.17307692308,2.7859404249761464
Karaman,Semi-Arid Plateau,Tset_plus10pct,Tset,+10%,35.2,65.0,200.0,2.0,250.0,1.0,4.0,150.1846153846153,95881.40784797569,1808.8846153846152,53.005817525618596
Karaman,Semi-Arid Plateau,RHmax_minus10pct,RHmax,-10%,32.0,58.5,200.0,2.0,250.0,1.0,80.0,3152.3173076923085,95881.40784797569,8519.327724358976,11.254574415986578
Karaman,Semi-Arid Plateau,RHmax_plus10pct,RHmax,+10%,32.0,71.5,200.0,2.0,250.0,1.0,80.0,3199.4187062937067,95881.40784797569,8617.45563811189,11.126417341091598
Karaman,Semi-Arid Plateau,Gmin_minus10pct,Gmin,-10%,32.0,65.0,180.0,2.0,250.0,1.0,80.0,3178.223076923077,95881.40784797569,8573.298076923078,11.183724978146
Karaman,Semi-Arid Plateau,Gmin_plus10pct,Gmin,+10%,32.0,65.0,220.00000000000003,2.0,250.0,1.0,79.0,3141.5596153846154,95881.40784797569,8490.915865384615,11.292233884787471
Karaman,Semi-Arid Plateau,Flow_minus10pct,Water flow rate,-10%,32.0,65.0,200.0,1.8,250.0,1.0,80.0,2860.4007692307696,95881.40784797569,8573.298076923078,11.183724978146
Karaman,Semi-Arid Plateau,Flow_plus10pct,Water flow rate,+10%,32.0,65.0,200.0,2.2,250.0,1.0,80.0,3496.045384615385,95881.40784797569,8573.298076923078,11.183724978146
Karaman,Semi-Arid Plateau,Pump_minus10pct,Pump power,-10%,32.0,65.0,200.0,2.0,225.0,1.0,80.0,3178.223076923077,95881.40784797569,7911.1682692307695,12.119753313918396
Karaman,Semi-Arid Plateau,Pump_plus10pct,Pump power,+10%,32.0,65.0,200.0,2.0,275.0,1.0,80.0,3178.223076923077,95881.40784797569,9235.427884615387,10.381912895199735
Karaman,Semi-Arid Plateau,PVarea_minus10pct,PV area,-10%,32.0,65.0,200.0,2.0,250.0,0.9,80.0,3178.223076923077,86293.26706317812,8573.298076923078,10.0653524803314
Karaman,Semi-Arid Plateau,PVarea_plus10pct,PV area,+10%,32.0,65.0,200.0,2.0,250.0,1.1,80.0,3178.223076923077,105469.54863277327,8573.298076923078,12.3020974759606
Karaman,Semi-Arid Plateau,PVarea_2m2,PV area design,2 m²,32.0,65.0,200.0,2.0,250.0,2.0,80.0,3178.223076923077,191762.81569595137,8573.298076923078,22.367449956292
Karaman,Semi-Arid Plateau,PVarea_3m2,PV area design,3 m²,32.0,65.0,200.0,2.0,250.0,3.0,80.0,3178.223076923077,287644.2235439271,8573.298076923078,33.551174934438
Inebolu,Temperate Humid Transitional,Baseline,Baseline,baseline,32.0,65.0,200.0,2.0,250.0,1.0,0.0,0.0,82981.04323106856,1472.0,56.37299132545418
Inebolu,Temperate Humid Transitional,Tset_minus10pct,Tset,-10%,28.8,65.0,200.0,2.0,250.0,1.0,13.0,413.00192307692305,82981.04323106856,2410.420673076923,34.425958986297
Inebolu,Temperate Humid Transitional,Tset_plus10pct,Tset,+10%,35.2,65.0,200.0,2.0,250.0,1.0,0.0,0.0,82981.04323106856,1472.0,56.37299132545418
Inebolu,Temperate Humid Transitional,RHmax_minus10pct,RHmax,-10%,32.0,58.5,200.0,2.0,250.0,1.0,0.0,0.0,82981.04323106856,1472.0,56.37299132545418
Inebolu,Temperate Humid Transitional,RHmax_plus10pct,RHmax,+10%,32.0,71.5,200.0,2.0,250.0,1.0,0.0,0.0,82981.04323106856,1472.0,56.37299132545418
Inebolu,Temperate Humid Transitional,Gmin_minus10pct,Gmin,-10%,32.0,65.0,180.0,2.0,250.0,1.0,0.0,0.0,82981.04323106856,1472.0,56.37299132545418
Inebolu,Temperate Humid Transitional,Gmin_plus10pct,Gmin,+10%,32.0,65.0,220.00000000000003,2.0,250.0,1.0,0.0,0.0,82981.04323106856,1472.0,56.37299132545418
Inebolu,Temperate Humid Transitional,Flow_minus10pct,Water flow rate,-10%,32.0,65.0,200.0,1.8,250.0,1.0,0.0,0.0,82981.04323106856,1472.0,56.37299132545418
Inebolu,Temperate Humid Transitional,Flow_plus10pct,Water flow rate,+10%,32.0,65.0,200.0,2.2,250.0,1.0,0.0,0.0,82981.04323106856,1472.0,56.37299132545418
Inebolu,Temperate Humid Transitional,Pump_minus10pct,Pump power,-10%,32.0,65.0,200.0,2.0,225.0,1.0,0.0,0.0,82981.04323106856,1472.0,56.37299132545418
Inebolu,Temperate Humid Transitional,Pump_plus10pct,Pump power,+10%,32.0,65.0,200.0,2.0,275.0,1.0,0.0,0.0,82981.04323106856,1472.0,56.37299132545418
Inebolu,Temperate Humid Transitional,PVarea_minus10pct,PV area,-10%,32.0,65.0,200.0,2.0,250.0,0.9,0.0,0.0,74682.93890796171,1472.0,50.73569219290877
Inebolu,Temperate Humid Transitional,PVarea_plus10pct,PV area,+10%,32.0,65.0,200.0,2.0,250.0,1.1,0.0,0.0,91279.14755417542,1472.0,62.0102904579996
Inebolu,Temperate Humid Transitional,PVarea_2m2,PV area design,2 m²,32.0,65.0,200.0,2.0,250.0,2.0,0.0,0.0,165962.08646213711,1472.0,112.74598265090836
Inebolu,Temperate Humid Transitional,PVarea_3m2,PV area design,3 m²,32.0,65.0,200.0,2.0,250.0,3.0,0.0,0.0,248943.12969320567,1472.0,169.11897397636255
Kastamonu,Temperate Humid Transitional,Baseline,Baseline,baseline,32.0,65.0,200.0,2.0,250.0,1.0,28.0,1099.2346153846154,81466.24527398347,3930.0721153846152,20.72894412168078
Kastamonu,Temperate Humid Transitional,Tset_minus10pct,Tset,-10%,28.8,65.0,200.0,2.0,250.0,1.0,150.0,6129.674999999999,81466.24527398347,15142.156249999998,5.380095405763857
Kastamonu,Temperate Humid Transitional,Tset_plus10pct,Tset,+10%,35.2,65.0,200.0,2.0,250.0,1.0,2.0,64.6730769230769,81466.24527398347,1618.735576923077,50.32708642188247
Kastamonu,Temperate Humid Transitional,RHmax_minus10pct,RHmax,-10%,32.0,58.5,200.0,2.0,250.0,1.0,28.0,1074.6634615384614,81466.24527398347,3878.8822115384614,21.002505575355414
Kastamonu,Temperate Humid Transitional,RHmax_plus10pct,RHmax,+10%,32.0,71.5,200.0,2.0,250.0,1.0,28.0,1119.3382867132866,81466.24527398347,3971.954763986014,20.510365831112555
Kastamonu,Temperate Humid Transitional,Gmin_minus10pct,Gmin,-10%,32.0,65.0,180.0,2.0,250.0,1.0,28.0,1099.2346153846154,81466.24527398347,3930.0721153846152,20.72894412168078
Kastamonu,Temperate Humid Transitional,Gmin_plus10pct,Gmin,+10%,32.0,65.0,220.00000000000003,2.0,250.0,1.0,28.0,1099.2346153846154,81466.24527398347,3930.0721153846152,20.72894412168078
Kastamonu,Temperate Humid Transitional,Flow_minus10pct,Water flow rate,-10%,32.0,65.0,200.0,1.8,250.0,1.0,28.0,989.311153846154,81466.24527398347,3930.0721153846152,20.72894412168078
Kastamonu,Temperate Humid Transitional,Flow_plus10pct,Water flow rate,+10%,32.0,65.0,200.0,2.2,250.0,1.0,28.0,1209.158076923077,81466.24527398347,3930.0721153846152,20.72894412168078
Kastamonu,Temperate Humid Transitional,Pump_minus10pct,Pump power,-10%,32.0,65.0,200.0,2.0,225.0,1.0,28.0,1099.2346153846154,81466.24527398347,3701.0649038461543,22.011568937719407
Kastamonu,Temperate Humid Transitional,Pump_plus10pct,Pump power,+10%,32.0,65.0,200.0,2.0,275.0,1.0,28.0,1099.2346153846154,81466.24527398347,4159.079326923077,19.58756707202623
Kastamonu,Temperate Humid Transitional,PVarea_minus10pct,PV area,-10%,32.0,65.0,200.0,2.0,250.0,0.9,28.0,1099.2346153846154,73319.62074658512,3930.0721153846152,18.6560497095127
Kastamonu,Temperate Humid Transitional,PVarea_plus10pct,PV area,+10%,32.0,65.0,200.0,2.0,250.0,1.1,28.0,1099.2346153846154,89612.86980138182,3930.0721153846152,22.80183853384886
Kastamonu,Temperate Humid Transitional,PVarea_2m2,PV area design,2 m²,32.0,65.0,200.0,2.0,250.0,2.0,28.0,1099.2346153846154,162932.49054796694,3930.0721153846152,41.45788824336156
Kastamonu,Temperate Humid Transitional,PVarea_3m2,PV area design,3 m²,32.0,65.0,200.0,2.0,250.0,3.0,28.0,1099.2346153846154,244398.73582195042,3930.0721153846152,62.18683236504234
Kutahya,Semi-Arid Plateau,Baseline,Baseline,baseline,32.0,65.0,200.0,2.0,250.0,1.0,70.0,3247.7076923076925,88381.79941020899,8658.057692307693,10.208040019037107
Kutahya,Semi-Arid Plateau,Tset_minus10pct,Tset,-10%,28.8,65.0,200.0,2.0,250.0,1.0,202.0,10242.36923076923,88381.79941020899,24022.26923076923,3.679161138407525
Kutahya,Semi-Arid Plateau,Tset_plus10pct,Tset,+10%,35.2,65.0,200.0,2.0,250.0,1.0,17.0,720.4961538461534,88381.79941020899,3075.0336538461534,28.741734029370335
Kutahya,Semi-Arid Plateau,RHmax_minus10pct,RHmax,-10%,32.0,58.5,200.0,2.0,250.0,1.0,70.0,3199.8557692307695,88381.79941020899,8558.366185897437,10.32694763117818
Kutahya,Semi-Arid Plateau,RHmax_plus10pct,RHmax,+10%,32.0,71.5,200.0,2.0,250.0,1.0,70.0,3286.859265734266,88381.79941020899,8739.623470279721,10.112769698919333
Kutahya,Semi-Arid Plateau,Gmin_minus10pct,Gmin,-10%,32.0,65.0,180.0,2.0,250.0,1.0,71.0,3308.446153846154,88381.79941020899,8790.596153846154,10.054130330118651
Kutahya,Semi-Arid Plateau,Gmin_plus10pct,Gmin,+10%,32.0,65.0,220.00000000000003,2.0,250.0,1.0,70.0,3247.7076923076925,88381.79941020899,8658.057692307693,10.208040019037107
Kutahya,Semi-Arid Plateau,Flow_minus10pct,Water flow rate,-10%,32.0,65.0,200.0,1.8,250.0,1.0,70.0,2922.9369230769234,88381.79941020899,8658.057692307693,10.208040019037107
Kutahya,Semi-Arid Plateau,Flow_plus10pct,Water flow rate,+10%,32.0,65.0,200.0,2.2,250.0,1.0,70.0,3572.4784615384615,88381.79941020899,8658.057692307693,10.208040019037107
Kutahya,Semi-Arid Plateau,Pump_minus10pct,Pump power,-10%,32.0,65.0,200.0,2.0,225.0,1.0,70.0,3247.7076923076925,88381.79941020899,7981.451923076924,11.073398707654807
Kutahya,Semi-Arid Plateau,Pump_plus10pct,Pump power,+10%,32.0,65.0,200.0,2.0,275.0,1.0,70.0,3247.7076923076925,88381.79941020899,9334.663461538463,9.468129169773263
Kutahya,Semi-Arid Plateau,PVarea_minus10pct,PV area,-10%,32.0,65.0,200.0,2.0,250.0,0.9,70.0,3247.7076923076925,79543.6194691881,8658.057692307693,9.187236017133396
Kutahya,Semi-Arid Plateau,PVarea_plus10pct,PV area,+10%,32.0,65.0,200.0,2.0,250.0,1.1,70.0,3247.7076923076925,97219.9793512299,8658.057692307693,11.228844020940818
Kutahya,Semi-Arid Plateau,PVarea_2m2,PV area design,2 m²,32.0,65.0,200.0,2.0,250.0,2.0,70.0,3247.7076923076925,176763.59882041797,8658.057692307693,20.416080038074213
Kutahya,Semi-Arid Plateau,PVarea_3m2,PV area design,3 m²,32.0,65.0,200.0,2.0,250.0,3.0,70.0,3247.7076923076925,265145.39823062695,8658.057692307693,30.624120057111316
Bodrum,Humid Mediterranean Coastal,Baseline,Baseline,baseline,32.0,65.0,200.0,2.0,250.0,1.0,18.0,550.2634615384616,98777.60339358525,2726.3822115384614,36.23028457842173
Bodrum,Humid Mediterranean Coastal,Tset_minus10pct,Tset,-10%,28.8,65.0,200.0,2.0,250.0,1.0,51.0,1599.8192307692307,98777.60339358525,5110.9567307692305,19.326636596025068
Bodrum,Humid Mediterranean Coastal,Tset_plus10pct,Tset,+10%,35.2,65.0,200.0,2.0,250.0,1.0,2.0,60.10384615384615,98777.60339358525,1609.2163461538462,61.382426066993105
Bodrum,Humid Mediterranean Coastal,RHmax_minus10pct,RHmax,-10%,32.0,58.5,200.0,2.0,250.0,1.0,0.0,0.0,98777.60339358525,1472.0,67.10435013151172
Bodrum,Humid Mediterranean Coastal,RHmax_plus10pct,RHmax,+10%,32.0,71.5,200.0,2.0,250.0,1.0,48.0,1501.2062937062938,98777.60339358525,4887.513111888112,20.210197115036717
Bodrum,Humid Mediterranean Coastal,Gmin_minus10pct,Gmin,-10%,32.0,65.0,180.0,2.0,250.0,1.0,18.0,550.2634615384616,98777.60339358525,2726.3822115384614,36.23028457842173
Bodrum,Humid Mediterranean Coastal,Gmin_plus10pct,Gmin,+10%,32.0,65.0,220.00000000000003,2.0,250.0,1.0,18.0,550.2634615384616,98777.60339358525,2726.3822115384614,36.23028457842173
Bodrum,Humid Mediterranean Coastal,Flow_minus10pct,Water flow rate,-10%,32.0,65.0,200.0,1.8,250.0,1.0,18.0,495.2371153846154,98777.60339358525,2726.3822115384614,36.23028457842173
Bodrum,Humid Mediterranean Coastal,Flow_plus10pct,Water flow rate,+10%,32.0,65.0,200.0,2.2,250.0,1.0,18.0,605.2898076923077,98777.60339358525,2726.3822115384614,36.23028457842173
Bodrum,Humid Mediterranean Coastal,Pump_minus10pct,Pump power,-10%,32.0,65.0,200.0,2.0,225.0,1.0,18.0,550.2634615384616,98777.60339358525,2611.7439903846152,37.8205535294594
Bodrum,Humid Mediterranean Coastal,Pump_plus10pct,Pump power,+10%,32.0,65.0,200.0,2.0,275.0,1.0,18.0,550.2634615384616,98777.60339358525,2841.0204326923076,34.76835374252418
Bodrum,Humid Mediterranean Coastal,PVarea_minus10pct,PV area,-10%,32.0,65.0,200.0,2.0,250.0,0.9,18.0,550.2634615384616,88899.84305422673,2726.3822115384614,32.60725612057956
Bodrum,Humid Mediterranean Coastal,PVarea_plus10pct,PV area,+10%,32.0,65.0,200.0,2.0,250.0,1.1,18.0,550.2634615384616,108655.36373294378,2726.3822115384614,39.853313036263906
Bodrum,Humid Mediterranean Coastal,PVarea_2m2,PV area design,2 m²,32.0,65.0,200.0,2.0,250.0,2.0,18.0,550.2634615384616,197555.2067871705,2726.3822115384614,72.46056915684346
Bodrum,Humid Mediterranean Coastal,PVarea_3m2,PV area design,3 m²,32.0,65.0,200.0,2.0,250.0,3.0,18.0,550.2634615384616,296332.81018075574,2726.3822115384614,108.69085373526518
Dalaman.AP,Temperate / Windy Coastal,Baseline,Baseline,baseline,32.0,65.0,200.0,2.0,250.0,1.0,148.0,5330.342307692308,96170.66360888557,13464.879807692309,7.1423336102818045
Dalaman.AP,Temperate / Windy Coastal,Tset_minus10pct,Tset,-10%,28.8,65.0,200.0,2.0,250.0,1.0,467.0,17112.126923076925,96170.66360888557,39924.26442307692,2.4088274386164334
Dalaman.AP,Temperate / Windy Coastal,Tset_plus10pct,Tset,+10%,35.2,65.0,200.0,2.0,250.0,1.0,20.0,846.5999999999997,96170.66360888557,3355.7499999999995,28.658470866091214
Dalaman.AP,Temperate / Windy Coastal,RHmax_minus10pct,RHmax,-10%,32.0,58.5,200.0,2.0,250.0,1.0,131.0,4653.278846153848,96170.66360888557,11952.33092948718,8.046184813342666
Dalaman.AP,Temperate / Windy Coastal,RHmax_plus10pct,RHmax,+10%,32.0,71.5,200.0,2.0,250.0,1.0,152.0,5589.123251748251,96170.66360888557,14028.006774475525,6.855618560426677
Dalaman.AP,Temperate / Windy Coastal,Gmin_minus10pct,Gmin,-10%,32.0,65.0,180.0,2.0,250.0,1.0,148.0,5330.342307692308,96170.66360888557,13464.879807692309,7.1423336102818045
Dalaman.AP,Temperate / Windy Coastal,Gmin_plus10pct,Gmin,+10%,32.0,65.0,220.00000000000003,2.0,250.0,1.0,148.0,5330.342307692308,96170.66360888557,13464.879807692309,7.1423336102818045
Dalaman.AP,Temperate / Windy Coastal,Flow_minus10pct,Water flow rate,-10%,32.0,65.0,200.0,1.8,250.0,1.0,148.0,4797.308076923076,96170.66360888557,13464.879807692309,7.1423336102818045
Dalaman.AP,Temperate / Windy Coastal,Flow_plus10pct,Water flow rate,+10%,32.0,65.0,200.0,2.2,250.0,1.0,148.0,5863.376538461538,96170.66360888557,13464.879807692309,7.1423336102818045
Dalaman.AP,Temperate / Windy Coastal,Pump_minus10pct,Pump power,-10%,32.0,65.0,200.0,2.0,225.0,1.0,148.0,5330.342307692308,96170.66360888557,12354.391826923076,7.784330054945114
Dalaman.AP,Temperate / Windy Coastal,Pump_plus10pct,Pump power,+10%,32.0,65.0,200.0,2.0,275.0,1.0,148.0,5330.342307692308,96170.66360888557,14575.367788461539,6.598163765378067
Dalaman.AP,Temperate / Windy Coastal,PVarea_minus10pct,PV area,-10%,32.0,65.0,200.0,2.0,250.0,0.9,148.0,5330.342307692308,86553.59724799702,13464.879807692309,6.4281002492536246
Dalaman.AP,Temperate / Windy Coastal,PVarea_plus10pct,PV area,+10%,32.0,65.0,200.0,2.0,250.0,1.1,148.0,5330.342307692308,105787.72996977414,13464.879807692309,7.856566971309985
Dalaman.AP,Temperate / Windy Coastal,PVarea_2m2,PV area design,2 m²,32.0,65.0,200.0,2.0,250.0,2.0,148.0,5330.342307692308,192341.32721777115,13464.879807692309,14.284667220563609
Dalaman.AP,Temperate / Windy Coastal,PVarea_3m2,PV area design,3 m²,32.0,65.0,200.0,2.0,250.0,3.0,148.0,5330.342307692308,288511.9908266567,13464.879807692309,21.42700083084541
Datca,Humid Mediterranean Coastal,Baseline,Baseline,baseline,32.0,65.0,200.0,2.0,250.0,1.0,3.0,92.19807692307693,99064.39207922656,1682.079326923077,58.89400725258237
Datca,Humid Mediterranean Coastal,Tset_minus10pct,Tset,-10%,28.8,65.0,200.0,2.0,250.0,1.0,55.0,1717.8980769230768,99064.39207922656,5380.954326923076,18.410190100214677
Datca,Humid Mediterranean Coastal,Tset_plus10pct,Tset,+10%,35.2,65.0,200.0,2.0,250.0,1.0,0.0,0.0,99064.39207922656,1472.0,67.29917940164847
Datca,Humid Mediterranean Coastal,RHmax_minus10pct,RHmax,-10%,32.0,58.5,200.0,2.0,250.0,1.0,1.0,30.250000000000007,99064.39207922656,1541.0208333333333,64.28491421815727
Datca,Humid Mediterranean Coastal,RHmax_plus10pct,RHmax,+10%,32.0,71.5,200.0,2.0,250.0,1.0,13.0,399.534965034965,99064.39207922656,2382.3645104895104,41.58238239490545
Datca,Humid Mediterranean Coastal,Gmin_minus10pct,Gmin,-10%,32.0,65.0,180.0,2.0,250.0,1.0,3.0,92.19807692307693,99064.39207922656,1682.079326923077,58.89400725258237
Datca,Humid Mediterranean Coastal,Gmin_plus10pct,Gmin,+10%,32.0,65.0,220.00000000000003,2.0,250.0,1.0,3.0,92.19807692307693,99064.39207922656,1682.079326923077,58.89400725258237
Datca,Humid Mediterranean Coastal,Flow_minus10pct,Water flow rate,-10%,32.0,65.0,200.0,1.8,250.0,1.0,3.0,82.97826923076923,99064.39207922656,1682.079326923077,58.89400725258237
Datca,Humid Mediterranean Coastal,Flow_plus10pct,Water flow rate,+10%,32.0,65.0,200.0,2.2,250.0,1.0,3.0,101.41788461538462,99064.39207922656,1682.079326923077,58.89400725258237
Datca,Humid Mediterranean Coastal,Pump_minus10pct,Pump power,-10%,32.0,65.0,200.0,2.0,225.0,1.0,3.0,92.19807692307693,99064.39207922656,1662.8713942307693,59.574295656852605
Datca,Humid Mediterranean Coastal,Pump_plus10pct,Pump power,+10%,32.0,65.0,200.0,2.0,275.0,1.0,3.0,92.19807692307693,99064.39207922656,1701.2872596153845,58.229080079999164
Datca,Humid Mediterranean Coastal,PVarea_minus10pct,PV area,-10%,32.0,65.0,200.0,2.0,250.0,0.9,3.0,92.19807692307693,89157.9528713039,1682.079326923077,53.00460652732413
Datca,Humid Mediterranean Coastal,PVarea_plus10pct,PV area,+10%,32.0,65.0,200.0,2.0,250.0,1.1,3.0,92.19807692307693,108970.83128714922,1682.079326923077,64.78340797784061
Datca,Humid Mediterranean Coastal,PVarea_2m2,PV area design,2 m²,32.0,65.0,200.0,2.0,250.0,2.0,3.0,92.19807692307693,198128.7841584531,1682.079326923077,117.78801450516474
Datca,Humid Mediterranean Coastal,PVarea_3m2,PV area design,3 m²,32.0,65.0,200.0,2.0,250.0,3.0,3.0,92.19807692307693,297193.17623767967,1682.079326923077,176.6820217577471
Fethiye,Hot–Dry Inland,Baseline,Baseline,baseline,32.0,65.0,200.0,2.0,250.0,1.0,457.0,20258.50384615385,92481.66386868566,46419.216346153844,1.9923141997710268
Fethiye,Hot–Dry Inland,Tset_minus10pct,Tset,-10%,28.8,65.0,200.0,2.0,250.0,1.0,642.0,33064.02692307692,92481.66386868566,74207.38942307692,1.2462594977088066
Fethiye,Hot–Dry Inland,Tset_plus10pct,Tset,+10%,35.2,65.0,200.0,2.0,250.0,1.0,176.0,6903.340384615383,92481.66386868566,16909.95913461538,5.469064894389478
Fethiye,Hot–Dry Inland,RHmax_minus10pct,RHmax,-10%,32.0,58.5,200.0,2.0,250.0,1.0,436.0,18794.923076923078,92481.66386868566,43244.08974358975,2.1385966132492036
Fethiye,Hot–Dry Inland,RHmax_plus10pct,RHmax,+10%,32.0,71.5,200.0,2.0,250.0,1.0,461.0,21067.235139860142,92481.66386868566,48128.073208041955,1.92157420200301
Fethiye,Hot–Dry Inland,Gmin_minus10pct,Gmin,-10%,32.0,65.0,180.0,2.0,250.0,1.0,457.0,20258.50384615385,92481.66386868566,46419.216346153844,1.9923141997710268
Fethiye,Hot–Dry Inland,Gmin_plus10pct,Gmin,+10%,32.0,65.0,220.00000000000003,2.0,250.0,1.0,456.0,20220.559615384616,92481.66386868566,46334.16586538462,1.9959712696107252
Fethiye,Hot–Dry Inland,Flow_minus10pct,Water flow rate,-10%,32.0,65.0,200.0,1.8,250.0,1.0,457.0,18232.653461538463,92481.66386868566,46419.216346153844,1.9923141997710268
Fethiye,Hot–Dry Inland,Flow_plus10pct,Water flow rate,+10%,32.0,65.0,200.0,2.2,250.0,1.0,457.0,22284.354230769233,92481.66386868566,46419.216346153844,1.9923141997710268
Fethiye,Hot–Dry Inland,Pump_minus10pct,Pump power,-10%,32.0,65.0,200.0,2.0,225.0,1.0,457.0,20258.50384615385,92481.66386868566,42198.69471153847,2.191576410144227
Fethiye,Hot–Dry Inland,Pump_plus10pct,Pump power,+10%,32.0,65.0,200.0,2.0,275.0,1.0,457.0,20258.50384615385,92481.66386868566,50639.737980769234,1.8262666347880032
Fethiye,Hot–Dry Inland,PVarea_minus10pct,PV area,-10%,32.0,65.0,200.0,2.0,250.0,0.9,457.0,20258.50384615385,83233.4974818171,46419.216346153844,1.7930827797939244
Fethiye,Hot–Dry Inland,PVarea_plus10pct,PV area,+10%,32.0,65.0,200.0,2.0,250.0,1.1,457.0,20258.50384615385,101729.83025555423,46419.216346153844,2.19154561974813
Fethiye,Hot–Dry Inland,PVarea_2m2,PV area design,2 m²,32.0,65.0,200.0,2.0,250.0,2.0,457.0,20258.50384615385,184963.32773737132,46419.216346153844,3.9846283995420535
Fethiye,Hot–Dry Inland,PVarea_3m2,PV area design,3 m²,32.0,65.0,200.0,2.0,250.0,3.0,457.0,20258.50384615385,277444.991606057,46419.216346153844,5.97694259931308
Marmaris,Humid Mediterranean Coastal,Baseline,Baseline,baseline,32.0,65.0,200.0,2.0,250.0,1.0,428.0,16592.411538461536,94031.86049348852,38607.52403846154,2.43558381003175
Marmaris,Humid Mediterranean Coastal,Tset_minus10pct,Tset,-10%,28.8,65.0,200.0,2.0,250.0,1.0,561.0,25120.748076923075,94031.86049348852,57172.89182692308,1.644693096479131
Marmaris,Humid Mediterranean Coastal,Tset_plus10pct,Tset,+10%,35.2,65.0,200.0,2.0,250.0,1.0,153.0,5431.448076923076,94031.86049348852,13705.516826923074,6.860876658716921
Marmaris,Humid Mediterranean Coastal,RHmax_minus10pct,RHmax,-10%,32.0,58.5,200.0,2.0,250.0,1.0,355.0,13532.634615384615,94031.86049348852,31794.98878205128,2.957442795091371
Marmaris,Humid Mediterranean Coastal,RHmax_plus10pct,RHmax,+10%,32.0,71.5,200.0,2.0,250.0,1.0,461.0,18417.06555944056,94031.86049348852,42606.886582167834,2.2069638980108786
Marmaris,Humid Mediterranean Coastal,Gmin_minus10pct,Gmin,-10%,32.0,65.0,180.0,2.0,250.0,1.0,428.0,16592.411538461536,94031.86049348852,38607.52403846154,2.43558381003175
Marmaris,Humid Mediterranean Coastal,Gmin_plus10pct,Gmin,+10%,32.0,65.0,220.00000000000003,2.0,250.0,1.0,428.0,16592.411538461536,94031.86049348852,38607.52403846154,2.43558381003175
Marmaris,Humid Mediterranean Coastal,Flow_minus10pct,Water flow rate,-10%,32.0,65.0,200.0,1.8,250.0,1.0,428.0,14933.170384615385,94031.86049348852,38607.52403846154,2.43558381003175
Marmaris,Humid Mediterranean Coastal,Flow_plus10pct,Water flow rate,+10%,32.0,65.0,200.0,2.2,250.0,1.0,428.0,18251.652692307693,94031.86049348852,38607.52403846154,2.43558381003175
Marmaris,Humid Mediterranean Coastal,Pump_minus10pct,Pump power,-10%,32.0,65.0,200.0,2.0,225.0,1.0,428.0,16592.411538461536,94031.86049348852,35150.77163461538,2.6751008902714637
Marmaris,Humid Mediterranean Coastal,Pump_plus10pct,Pump power,+10%,32.0,65.0,200.0,2.0,275.0,1.0,428.0,16592.411538461536,94031.86049348852,42064.27644230769,2.2354327340553644
Marmaris,Humid Mediterranean Coastal,PVarea_minus10pct,PV area,-10%,32.0,65.0,200.0,2.0,250.0,0.9,428.0,16592.411538461536,84628.67444413967,38607.52403846154,2.192025429028575
Marmaris,Humid Mediterranean Coastal,PVarea_plus10pct,PV area,+10%,32.0,65.0,200.0,2.0,250.0,1.1,428.0,16592.411538461536,103435.04654283739,38607.52403846154,2.679142191034925
Marmaris,Humid Mediterranean Coastal,PVarea_2m2,PV area design,2 m²,32.0,65.0,200.0,2.0,250.0,2.0,428.0,16592.411538461536,188063.72098697704,38607.52403846154,4.8711676200635
Marmaris,Humid Mediterranean Coastal,PVarea_3m2,PV area design,3 m²,32.0,65.0,200.0,2.0,250.0,3.0,428.0,16592.411538461536,282095.5814804656,38607.52403846154,7.30675143009525
Milas-Bodrum.Intl.AP,Hot–Dry Inland,Baseline,Baseline,baseline,32.0,65.0,200.0,2.0,250.0,1.0,487.0,23463.213461538464,96609.14944807797,53275.69471153847,1.8133813171497568
Milas-Bodrum.Intl.AP,Hot–Dry Inland,Tset_minus10pct,Tset,-10%,28.8,65.0,200.0,2.0,250.0,1.0,656.0,36755.717307692306,96609.14944807797,81982.41105769231,1.1784131279097487
Milas-Bodrum.Intl.AP,Hot–Dry Inland,Tset_plus10pct,Tset,+10%,35.2,65.0,200.0,2.0,250.0,1.0,183.0,8385.95769230769,96609.14944807797,20040.745192307688,4.820636584170523
Milas-Bodrum.Intl.AP,Hot–Dry Inland,RHmax_minus10pct,RHmax,-10%,32.0,58.5,200.0,2.0,250.0,1.0,485.0,22611.23076923077,96609.14944807797,51488.73076923077,1.8763163901062943
Milas-Bodrum.Intl.AP,Hot–Dry Inland,RHmax_plus10pct,RHmax,+10%,32.0,71.5,200.0,2.0,250.0,1.0,487.0,24111.36451048951,96609.14944807797,54626.00939685315,1.7685558677043567
Milas-Bodrum.Intl.AP,Hot–Dry Inland,Gmin_minus10pct,Gmin,-10%,32.0,65.0,180.0,2.0,250.0,1.0,487.0,23463.213461538464,96609.14944807797,53275.69471153847,1.8133813171497568
Milas-Bodrum.Intl.AP,Hot–Dry Inland,Gmin_plus10pct,Gmin,+10%,32.0,65.0,220.00000000000003,2.0,250.0,1.0,487.0,23463.213461538464,96609.14944807797,53275.69471153847,1.8133813171497568
Milas-Bodrum.Intl.AP,Hot–Dry Inland,Flow_minus10pct,Water flow rate,-10%,32.0,65.0,200.0,1.8,250.0,1.0,487.0,21116.892115384617,96609.14944807797,53275.69471153847,1.8133813171497568
Milas-Bodrum.Intl.AP,Hot–Dry Inland,Flow_plus10pct,Water flow rate,+10%,32.0,65.0,200.0,2.2,250.0,1.0,487.0,25809.53480769231,96609.14944807797,53275.69471153847,1.8133813171497568
Milas-Bodrum.Intl.AP,Hot–Dry Inland,Pump_minus10pct,Pump power,-10%,32.0,65.0,200.0,2.0,225.0,1.0,487.0,23463.213461538464,96609.14944807797,48387.52524038462,1.996571409017777
Milas-Bodrum.Intl.AP,Hot–Dry Inland,Pump_plus10pct,Pump power,+10%,32.0,65.0,200.0,2.0,275.0,1.0,487.0,23463.213461538464,96609.14944807797,58163.86418269231,1.660982309301687
Milas-Bodrum.Intl.AP,Hot–Dry Inland,PVarea_minus10pct,PV area,-10%,32.0,65.0,200.0,2.0,250.0,0.9,487.0,23463.213461538464,86948.23450327017,53275.69471153847,1.6320431854347812
Milas-Bodrum.Intl.AP,Hot–Dry Inland,PVarea_plus10pct,PV area,+10%,32.0,65.0,200.0,2.0,250.0,1.1,487.0,23463.213461538464,106270.06439288578,53275.69471153847,1.9947194488647328
Milas-Bodrum.Intl.AP,Hot–Dry Inland,PVarea_2m2,PV area design,2 m²,32.0,65.0,200.0,2.0,250.0,2.0,487.0,23463.213461538464,193218.29889615593,53275.69471153847,3.6267626342995136
Milas-Bodrum.Intl.AP,Hot–Dry Inland,PVarea_3m2,PV area design,3 m²,32.0,65.0,200.0,2.0,250.0,3.0,487.0,23463.213461538464,289827.4483442339,53275.69471153847,5.440143951449271
Mugla,Hot–Dry Inland,Baseline,Baseline,baseline,32.0,65.0,200.0,2.0,250.0,1.0,398.0,19027.58653846154,93247.99699335653,43500.80528846154,2.143592431795516
Mugla,Hot–Dry Inland,Tset_minus10pct,Tset,-10%,28.8,65.0,200.0,2.0,250.0,1.0,543.0,33150.56538461538,93247.99699335653,73793.67788461538,1.2636312441176891
Mugla,Hot–Dry Inland,Tset_plus10pct,Tset,+10%,35.2,65.0,200.0,2.0,250.0,1.0,138.0,5296.863461538458,93247.99699335653,13335.132211538456,6.992656354218377
Mugla,Hot–Dry Inland,RHmax_minus10pct,RHmax,-10%,32.0,58.5,200.0,2.0,250.0,1.0,398.0,18572.471153846156,93247.99699335653,42552.648237179485,2.1913559051274993
Mugla,Hot–Dry Inland,RHmax_plus10pct,RHmax,+10%,32.0,71.5,200.0,2.0,250.0,1.0,398.0,19399.953671328672,93247.99699335653,44276.5701486014,2.1060347872564837
Mugla,Hot–Dry Inland,Gmin_minus10pct,Gmin,-10%,32.0,65.0,180.0,2.0,250.0,1.0,398.0,19027.58653846154,93247.99699335653,43500.80528846154,2.143592431795516
Mugla,Hot–Dry Inland,Gmin_plus10pct,Gmin,+10%,32.0,65.0,220.00000000000003,2.0,250.0,1.0,395.0,18917.475,93247.99699335653,43253.40625,2.1558532628480913
Mugla,Hot–Dry Inland,Flow_minus10pct,Water flow rate,-10%,32.0,65.0,200.0,1.8,250.0,1.0,398.0,17124.827884615384,93247.99699335653,43500.80528846154,2.143592431795516
Mugla,Hot–Dry Inland,Flow_plus10pct,Water flow rate,+10%,32.0,65.0,200.0,2.2,250.0,1.0,398.0,20930.345192307694,93247.99699335653,43500.80528846154,2.143592431795516
Mugla,Hot–Dry Inland,Pump_minus10pct,Pump power,-10%,32.0,65.0,200.0,2.0,225.0,1.0,398.0,19027.58653846154,93247.99699335653,39536.72475961538,2.3585159762298846
Mugla,Hot–Dry Inland,Pump_plus10pct,Pump power,+10%,32.0,65.0,200.0,2.0,275.0,1.0,398.0,19027.58653846154,93247.99699335653,47464.88581730769,1.9645680251347912
Mugla,Hot–Dry Inland,PVarea_minus10pct,PV area,-10%,32.0,65.0,200.0,2.0,250.0,0.9,398.0,19027.58653846154,83923.19729402088,43500.80528846154,1.9292331886159648
Mugla,Hot–Dry Inland,PVarea_plus10pct,PV area,+10%,32.0,65.0,200.0,2.0,250.0,1.1,398.0,19027.58653846154,102572.7966926922,43500.80528846154,2.357951674975068
Mugla,Hot–Dry Inland,PVarea_2m2,PV area design,2 m²,32.0,65.0,200.0,2.0,250.0,2.0,398.0,19027.58653846154,186495.99398671306,43500.80528846154,4.287184863591032
Mugla,Hot–Dry Inland,PVarea_3m2,PV area design,3 m²,32.0,65.0,200.0,2.0,250.0,3.0,398.0,19027.58653846154,279743.9909800696,43500.80528846154,6.43077729538655
Malatya-Bolge,Hot–Dry Inland,Baseline,Baseline,baseline,32.0,65.0,200.0,2.0,250.0,1.0,334.0,17151.323076923076,95660.91603121514,39207.92307692308,2.439836352553932
Malatya-Bolge,Hot–Dry Inland,Tset_minus10pct,Tset,-10%,28.8,65.0,200.0,2.0,250.0,1.0,533.0,33499.89807692307,95660.91603121514,74461.45432692306,1.284703836312622
Malatya-Bolge,Hot–Dry Inland,Tset_plus10pct,Tset,+10%,35.2,65.0,200.0,2.0,250.0,1.0,88.0,4482.611538461537,95660.91603121514,11338.774038461534,8.436618959574451
Malatya-Bolge,Hot–Dry Inland,RHmax_minus10pct,RHmax,-10%,32.0,58.5,200.0,2.0,250.0,1.0,334.0,16931.31730769231,95660.91603121514,38749.57772435897,2.468695703258729
Malatya-Bolge,Hot–Dry Inland,RHmax_plus10pct,RHmax,+10%,32.0,71.5,200.0,2.0,250.0,1.0,334.0,17331.327797202797,95660.91603121514,39582.93291083916,2.416721273451162
Malatya-Bolge,Hot–Dry Inland,Gmin_minus10pct,Gmin,-10%,32.0,65.0,180.0,2.0,250.0,1.0,335.0,17202.092307692306,95660.91603121514,39319.69230769231,2.4329009312339025
Malatya-Bolge,Hot–Dry Inland,Gmin_plus10pct,Gmin,+10%,32.0,65.0,220.00000000000003,2.0,250.0,1.0,334.0,17151.323076923076,95660.91603121514,39207.92307692308,2.439836352553932
Malatya-Bolge,Hot–Dry Inland,Flow_minus10pct,Water flow rate,-10%,32.0,65.0,200.0,1.8,250.0,1.0,334.0,15436.19076923077,95660.91603121514,39207.92307692308,2.439836352553932
Malatya-Bolge,Hot–Dry Inland,Flow_plus10pct,Water flow rate,+10%,32.0,65.0,200.0,2.2,250.0,1.0,334.0,18866.455384615383,95660.91603121514,39207.92307692308,2.439836352553932
Malatya-Bolge,Hot–Dry Inland,Pump_minus10pct,Pump power,-10%,32.0,65.0,200.0,2.0,225.0,1.0,334.0,17151.323076923076,95660.91603121514,35634.730769230766,2.684485443448746
Malatya-Bolge,Hot–Dry Inland,Pump_plus10pct,Pump power,+10%,32.0,65.0,200.0,2.0,275.0,1.0,334.0,17151.323076923076,95660.91603121514,42781.11538461538,2.2360547445103776
Malatya-Bolge,Hot–Dry Inland,PVarea_minus10pct,PV area,-10%,32.0,65.0,200.0,2.0,250.0,0.9,334.0,17151.323076923076,86094.82442809362,39207.92307692308,2.1958527172985387
Malatya-Bolge,Hot–Dry Inland,PVarea_plus10pct,PV area,+10%,32.0,65.0,200.0,2.0,250.0,1.1,334.0,17151.323076923076,105227.00763433665,39207.92307692308,2.683819987809325
Malatya-Bolge,Hot–Dry Inland,PVarea_2m2,PV area design,2 m²,32.0,65.0,200.0,2.0,250.0,2.0,334.0,17151.323076923076,191321.83206243027,39207.92307692308,4.879672705107864
Malatya-Bolge,Hot–Dry Inland,PVarea_3m2,PV area design,3 m²,32.0,65.0,200.0,2.0,250.0,3.0,334.0,17151.323076923076,286982.74809364544,39207.92307692308,7.319509057661796
Manisa,Hot–Dry Inland,Baseline,Baseline,baseline,32.0,65.0,200.0,2.0,250.0,1.0,372.0,18740.907692307694,92941.77229951568,42747.557692307695,2.174200757116945
Manisa,Hot–Dry Inland,Tset_minus10pct,Tset,-10%,28.8,65.0,200.0,2.0,250.0,1.0,570.0,33144.90576923077,92941.77229951568,73943.88701923075,1.2569229999410785
Manisa,Hot–Dry Inland,Tset_plus10pct,Tset,+10%,35.2,65.0,200.0,2.0,250.0,1.0,175.0,7304.699999999996,92941.77229951568,17740.124999999993,5.239070880251166
Manisa,Hot–Dry Inland,RHmax_minus10pct,RHmax,-10%,32.0,58.5,200.0,2.0,250.0,1.0,372.0,18160.10576923077,92941.77229951568,41537.55368589744,2.2375360138522233
Manisa,Hot–Dry Inland,RHmax_plus10pct,RHmax,+10%,32.0,71.5,200.0,2.0,250.0,1.0,372.0,19216.109265734263,92941.77229951568,43737.56097027972,2.1249875447483433
Manisa,Hot–Dry Inland,Gmin_minus10pct,Gmin,-10%,32.0,65.0,180.0,2.0,250.0,1.0,372.0,18740.907692307694,92941.77229951568,42747.557692307695,2.174200757116945
Manisa,Hot–Dry Inland,Gmin_plus10pct,Gmin,+10%,32.0,65.0,220.00000000000003,2.0,250.0,1.0,372.0,18740.907692307694,92941.77229951568,42747.557692307695,2.174200757116945
Manisa,Hot–Dry Inland,Flow_minus10pct,Water flow rate,-10%,32.0,65.0,200.0,1.8,250.0,1.0,372.0,16866.81692307692,92941.77229951568,42747.557692307695,2.174200757116945
Manisa,Hot–Dry Inland,Flow_plus10pct,Water flow rate,+10%,32.0,65.0,200.0,2.2,250.0,1.0,372.0,20614.99846153846,92941.77229951568,42747.557692307695,2.174200757116945
Manisa,Hot–Dry Inland,Pump_minus10pct,Pump power,-10%,32.0,65.0,200.0,2.0,225.0,1.0,372.0,18740.907692307694,92941.77229951568,38843.20192307692,2.3927422997613013
Manisa,Hot–Dry Inland,Pump_plus10pct,Pump power,+10%,32.0,65.0,200.0,2.0,275.0,1.0,372.0,18740.907692307694,92941.77229951568,46651.91346153846,1.992239233148288
Manisa,Hot–Dry Inland,PVarea_minus10pct,PV area,-10%,32.0,65.0,200.0,2.0,250.0,0.9,372.0,18740.907692307694,83647.59506956411,42747.557692307695,1.9567806814052504
Manisa,Hot–Dry Inland,PVarea_plus10pct,PV area,+10%,32.0,65.0,200.0,2.0,250.0,1.1,372.0,18740.907692307694,102235.94952946725,42747.557692307695,2.3916208328286395
Manisa,Hot–Dry Inland,PVarea_2m2,PV area design,2 m²,32.0,65.0,200.0,2.0,250.0,2.0,372.0,18740.907692307694,185883.54459903136,42747.557692307695,4.34840151423389
Manisa,Hot–Dry Inland,PVarea_3m2,PV area design,3 m²,32.0,65.0,200.0,2.0,250.0,3.0,372.0,18740.907692307694,278825.31689854705,42747.557692307695,6.522602271350835
Manisa.Industrial.Park,Semi-Arid Plateau,Baseline,Baseline,baseline,32.0,65.0,200.0,2.0,250.0,1.0,120.0,4700.6826923076915,95954.79471260989,11985.088942307691,8.006181278629217
Manisa.Industrial.Park,Semi-Arid Plateau,Tset_minus10pct,Tset,-10%,28.8,65.0,200.0,2.0,250.0,1.0,391.0,17254.044230769232,95954.79471260989,39763.925480769234,2.4131117225590786
Manisa.Industrial.Park,Semi-Arid Plateau,Tset_plus10pct,Tset,+10%,35.2,65.0,200.0,2.0,250.0,1.0,6.0,213.07499999999985,95954.79471260989,1951.9062499999995,49.15953043985074
Manisa.Industrial.Park,Semi-Arid Plateau,RHmax_minus10pct,RHmax,-10%,32.0,58.5,200.0,2.0,250.0,1.0,120.0,4601.4807692307695,95954.79471260989,11778.41826923077,8.146662184962171
Manisa.Industrial.Park,Semi-Arid Plateau,RHmax_plus10pct,RHmax,+10%,32.0,71.5,200.0,2.0,250.0,1.0,120.0,4781.847902097901,95954.79471260989,12154.18312937063,7.894795865033066
Manisa.Industrial.Park,Semi-Arid Plateau,Gmin_minus10pct,Gmin,-10%,32.0,65.0,180.0,2.0,250.0,1.0,120.0,4700.6826923076915,95954.79471260989,11985.088942307691,8.006181278629217
Manisa.Industrial.Park,Semi-Arid Plateau,Gmin_plus10pct,Gmin,+10%,32.0,65.0,220.00000000000003,2.0,250.0,1.0,120.0,4700.6826923076915,95954.79471260989,11985.088942307691,8.006181278629217
Manisa.Industrial.Park,Semi-Arid Plateau,Flow_minus10pct,Water flow rate,-10%,32.0,65.0,200.0,1.8,250.0,1.0,120.0,4230.614423076923,95954.79471260989,11985.088942307691,8.006181278629217
Manisa.Industrial.Park,Semi-Arid Plateau,Flow_plus10pct,Water flow rate,+10%,32.0,65.0,200.0,2.2,250.0,1.0,120.0,5170.7509615384615,95954.79471260989,11985.088942307691,8.006181278629217
Manisa.Industrial.Park,Semi-Arid Plateau,Pump_minus10pct,Pump power,-10%,32.0,65.0,200.0,2.0,225.0,1.0,120.0,4700.6826923076915,95954.79471260989,11005.780048076922,8.71858189909732
Manisa.Industrial.Park,Semi-Arid Plateau,Pump_plus10pct,Pump power,+10%,32.0,65.0,200.0,2.0,275.0,1.0,120.0,4700.6826923076915,95954.79471260989,12964.397836538461,7.401407757032405
Manisa.Industrial.Park,Semi-Arid Plateau,PVarea_minus10pct,PV area,-10%,32.0,65.0,200.0,2.0,250.0,0.9,120.0,4700.6826923076915,86359.3152413489,11985.088942307691,7.205563150766296
Manisa.Industrial.Park,Semi-Arid Plateau,PVarea_plus10pct,PV area,+10%,32.0,65.0,200.0,2.0,250.0,1.1,120.0,4700.6826923076915,105550.27418387089,11985.088942307691,8.806799406492141
Manisa.Industrial.Park,Semi-Arid Plateau,PVarea_2m2,PV area design,2 m²,32.0,65.0,200.0,2.0,250.0,2.0,120.0,4700.6826923076915,191909.58942521978,11985.088942307691,16.012362557258434
Manisa.Industrial.Park,Semi-Arid Plateau,PVarea_3m2,PV area design,3 m²,32.0,65.0,200.0,2.0,250.0,3.0,120.0,4700.6826923076915,287864.38413782965,11985.088942307691,24.01854383588765
Mardin,Hot–Dry Inland,Baseline,Baseline,baseline,32.0,65.0,200.0,2.0,250.0,1.0,564.0,30931.407692307694,94525.79247166794,69296.4326923077,1.3640787671045704
Mardin,Hot–Dry Inland,Tset_minus10pct,Tset,-10%,28.8,65.0,200.0,2.0,250.0,1.0,707.0,52019.66538461538,94525.79247166794,114088.30288461538,0.8285318484162901
Mardin,Hot–Dry Inland,Tset_plus10pct,Tset,+10%,35.2,65.0,200.0,2.0,250.0,1.0,230.0,9525.611538461533,94525.79247166794,22697.024038461524,4.164677814654824
Mardin,Hot–Dry Inland,RHmax_minus10pct,RHmax,-10%,32.0,58.5,200.0,2.0,250.0,1.0,564.0,30480.35576923077,94525.79247166794,68356.74118589744,1.3828305860076517
Mardin,Hot–Dry Inland,RHmax_plus10pct,RHmax,+10%,32.0,71.5,200.0,2.0,250.0,1.0,564.0,31300.45017482518,94525.79247166794,70065.27119755244,1.3491104916321222
Mardin,Hot–Dry Inland,Gmin_minus10pct,Gmin,-10%,32.0,65.0,180.0,2.0,250.0,1.0,564.0,30931.407692307694,94525.79247166794,69296.4326923077,1.3640787671045704
Mardin,Hot–Dry Inland,Gmin_plus10pct,Gmin,+10%,32.0,65.0,220.00000000000003,2.0,250.0,1.0,564.0,30931.407692307694,94525.79247166794,69296.4326923077,1.3640787671045704
Mardin,Hot–Dry Inland,Flow_minus10pct,Water flow rate,-10%,32.0,65.0,200.0,1.8,250.0,1.0,564.0,27838.266923076924,94525.79247166794,69296.4326923077,1.3640787671045704
Mardin,Hot–Dry Inland,Flow_plus10pct,Water flow rate,+10%,32.0,65.0,200.0,2.2,250.0,1.0,564.0,34024.54846153846,94525.79247166794,69296.4326923077,1.3640787671045704
Mardin,Hot–Dry Inland,Pump_minus10pct,Pump power,-10%,32.0,65.0,200.0,2.0,225.0,1.0,564.0,30931.407692307694,94525.79247166794,62852.38942307692,1.5039331573440833
Mardin,Hot–Dry Inland,Pump_plus10pct,Pump power,+10%,32.0,65.0,200.0,2.0,275.0,1.0,564.0,30931.407692307694,94525.79247166794,75740.47596153845,1.2480221608280995
Mardin,Hot–Dry Inland,PVarea_minus10pct,PV area,-10%,32.0,65.0,200.0,2.0,250.0,0.9,564.0,30931.407692307694,85073.21322450115,69296.4326923077,1.2276708903941134
Mardin,Hot–Dry Inland,PVarea_plus10pct,PV area,+10%,32.0,65.0,200.0,2.0,250.0,1.1,564.0,30931.407692307694,103978.37171883474,69296.4326923077,1.5004866438150275
Mardin,Hot–Dry Inland,PVarea_2m2,PV area design,2 m²,32.0,65.0,200.0,2.0,250.0,2.0,564.0,30931.407692307694,189051.58494333588,69296.4326923077,2.728157534209141
Mardin,Hot–Dry Inland,PVarea_3m2,PV area design,3 m²,32.0,65.0,200.0,2.0,250.0,3.0,564.0,30931.407692307694,283577.37741500384,69296.4326923077,4.0922363013137115
Mus,Semi-Arid Plateau,Baseline,Baseline,baseline,32.0,65.0,200.0,2.0,250.0,1.0,198.0,8301.253846153846,94653.75049720539,19954.278846153848,4.743531511560977
Mus,Semi-Arid Plateau,Tset_minus10pct,Tset,-10%,28.8,65.0,200.0,2.0,250.0,1.0,415.0,22684.15961538461,94653.75049720539,51220.66586538461,1.847960171895642
Mus,Semi-Arid Plateau,Tset_plus10pct,Tset,+10%,35.2,65.0,200.0,2.0,250.0,1.0,14.0,524.5903846153844,94653.75049720539,2648.8966346153843,35.7332744737127
Mus,Semi-Arid Plateau,RHmax_minus10pct,RHmax,-10%,32.0,58.5,200.0,2.0,250.0,1.0,198.0,8215.615384615385,94653.75049720539,19775.865384615387,4.786326598422397
Mus,Semi-Arid Plateau,RHmax_plus10pct,RHmax,+10%,32.0,71.5,200.0,2.0,250.0,1.0,198.0,8371.321678321681,94653.75049720539,20100.2534965035,4.709082425934115
Mus,Semi-Arid Plateau,Gmin_minus10pct,Gmin,-10%,32.0,65.0,180.0,2.0,250.0,1.0,198.0,8301.253846153846,94653.75049720539,19954.278846153848,4.743531511560977
Mus,Semi-Arid Plateau,Gmin_plus10pct,Gmin,+10%,32.0,65.0,220.00000000000003,2.0,250.0,1.0,198.0,8301.253846153846,94653.75049720539,19954.278846153848,4.743531511560977
Mus,Semi-Arid Plateau,Flow_minus10pct,Water flow rate,-10%,32.0,65.0,200.0,1.8,250.0,1.0,198.0,7471.128461538463,94653.75049720539,19954.278846153848,4.743531511560977
Mus,Semi-Arid Plateau,Flow_plus10pct,Water flow rate,+10%,32.0,65.0,200.0,2.2,250.0,1.0,198.0,9131.379230769233,94653.75049720539,19954.278846153848,4.743531511560977
Mus,Semi-Arid Plateau,Pump_minus10pct,Pump power,-10%,32.0,65.0,200.0,2.0,225.0,1.0,198.0,8301.253846153846,94653.75049720539,18224.850961538465,5.193663898649249
Mus,Semi-Arid Plateau,Pump_plus10pct,Pump power,+10%,32.0,65.0,200.0,2.0,275.0,1.0,198.0,8301.253846153846,94653.75049720539,21683.706730769234,4.365201562281392
Mus,Semi-Arid Plateau,PVarea_minus10pct,PV area,-10%,32.0,65.0,200.0,2.0,250.0,0.9,198.0,8301.253846153846,85188.37544748485,19954.278846153848,4.269178360404879
Mus,Semi-Arid Plateau,PVarea_plus10pct,PV area,+10%,32.0,65.0,200.0,2.0,250.0,1.1,198.0,8301.253846153846,104119.12554692593,19954.278846153848,5.217884662717075
Mus,Semi-Arid Plateau,PVarea_2m2,PV area design,2 m²,32.0,65.0,200.0,2.0,250.0,2.0,198.0,8301.253846153846,189307.50099441077,19954.278846153848,9.487063023121953
Mus,Semi-Arid Plateau,PVarea_3m2,PV area design,3 m²,32.0,65.0,200.0,2.0,250.0,3.0,198.0,8301.253846153846,283961.25149161613,19954.278846153848,14.230594534682929
Nigde,Semi-Arid Plateau,Baseline,Baseline,baseline,32.0,65.0,200.0,2.0,250.0,1.0,60.0,2216.9942307692304,94273.71173384314,6450.737980769231,14.614407222071247
Nigde,Semi-Arid Plateau,Tset_minus10pct,Tset,-10%,28.8,65.0,200.0,2.0,250.0,1.0,264.0,11880.12115384615,94273.71173384314,27806.25240384615,3.3903781913740825
Nigde,Semi-Arid Plateau,Tset_plus10pct,Tset,+10%,35.2,65.0,200.0,2.0,250.0,1.0,0.0,0.0,94273.71173384314,1472.0,64.04464112353475
Nigde,Semi-Arid Plateau,RHmax_minus10pct,RHmax,-10%,32.0,58.5,200.0,2.0,250.0,1.0,60.0,2199.3269230769233,94273.71173384314,6413.93108974359,14.698273245341637
Nigde,Semi-Arid Plateau,RHmax_plus10pct,RHmax,+10%,32.0,71.5,200.0,2.0,250.0,1.0,60.0,2231.4493006993007,94273.71173384314,6480.85270979021,14.546498116124422
Nigde,Semi-Arid Plateau,Gmin_minus10pct,Gmin,-10%,32.0,65.0,180.0,2.0,250.0,1.0,63.0,2330.8442307692308,94273.71173384314,6705.925480769231,14.05827010815949
Nigde,Semi-Arid Plateau,Gmin_plus10pct,Gmin,+10%,32.0,65.0,220.00000000000003,2.0,250.0,1.0,59.0,2175.744230769231,94273.71173384314,6358.800480769231,14.825706832436854
Nigde,Semi-Arid Plateau,Flow_minus10pct,Water flow rate,-10%,32.0,65.0,200.0,1.8,250.0,1.0,60.0,1995.2948076923076,94273.71173384314,6450.737980769231,14.614407222071247
Nigde,Semi-Arid Plateau,Flow_plus10pct,Water flow rate,+10%,32.0,65.0,200.0,2.2,250.0,1.0,60.0,2438.693653846154,94273.71173384314,6450.737980769231,14.614407222071247
Nigde,Semi-Arid Plateau,Pump_minus10pct,Pump power,-10%,32.0,65.0,200.0,2.0,225.0,1.0,60.0,2216.9942307692304,94273.71173384314,5988.864182692308,15.741501035587381
Nigde,Semi-Arid Plateau,Pump_plus10pct,Pump power,+10%,32.0,65.0,200.0,2.0,275.0,1.0,60.0,2216.9942307692304,94273.71173384314,6912.611778846153,13.637929446918719
Nigde,Semi-Arid Plateau,PVarea_minus10pct,PV area,-10%,32.0,65.0,200.0,2.0,250.0,0.9,60.0,2216.9942307692304,84846.34056045883,6450.737980769231,13.152966499864123
Nigde,Semi-Arid Plateau,PVarea_plus10pct,PV area,+10%,32.0,65.0,200.0,2.0,250.0,1.1,60.0,2216.9942307692304,103701.08290722746,6450.737980769231,16.075847944278372
Nigde,Semi-Arid Plateau,PVarea_2m2,PV area design,2 m²,32.0,65.0,200.0,2.0,250.0,2.0,60.0,2216.9942307692304,188547.42346768628,6450.737980769231,29.228814444142493
Nigde,Semi-Arid Plateau,PVarea_3m2,PV area design,3 m²,32.0,65.0,200.0,2.0,250.0,3.0,60.0,2216.9942307692304,282821.1352015294,6450.737980769231,43.843221666213736
Kapodokya.AP,Semi-Arid Plateau,Baseline,Baseline,baseline,32.0,65.0,200.0,2.0,250.0,1.0,178.0,8214.98076923077,93072.30565105865,19654.54326923077,4.735409232162802
Kapodokya.AP,Semi-Arid Plateau,Tset_minus10pct,Tset,-10%,28.8,65.0,200.0,2.0,250.0,1.0,417.0,22068.848076923074,93072.30565105865,49950.76682692308,1.8632808175608104
Kapodokya.AP,Semi-Arid Plateau,Tset_plus10pct,Tset,+10%,35.2,65.0,200.0,2.0,250.0,1.0,40.0,1753.8115384615373,93072.30565105865,5365.774038461536,17.345550704133665
Kapodokya.AP,Semi-Arid Plateau,RHmax_minus10pct,RHmax,-10%,32.0,58.5,200.0,2.0,250.0,1.0,178.0,8131.923076923076,93072.30565105865,19481.50641025641,4.7774696520418445
Kapodokya.AP,Semi-Arid Plateau,RHmax_plus10pct,RHmax,+10%,32.0,71.5,200.0,2.0,250.0,1.0,178.0,8282.937062937062,93072.30565105865,19796.11888111888,4.701543075689904
Kapodokya.AP,Semi-Arid Plateau,Gmin_minus10pct,Gmin,-10%,32.0,65.0,180.0,2.0,250.0,1.0,179.0,8273.538461538461,93072.30565105865,19782.53846153846,4.704770615359164
Kapodokya.AP,Semi-Arid Plateau,Gmin_plus10pct,Gmin,+10%,32.0,65.0,220.00000000000003,2.0,250.0,1.0,175.0,8067.865384615385,93072.30565105865,19330.052884615383,4.81490175979467
Kapodokya.AP,Semi-Arid Plateau,Flow_minus10pct,Water flow rate,-10%,32.0,65.0,200.0,1.8,250.0,1.0,178.0,7393.482692307693,93072.30565105865,19654.54326923077,4.735409232162802
Kapodokya.AP,Semi-Arid Plateau,Flow_plus10pct,Water flow rate,+10%,32.0,65.0,200.0,2.2,250.0,1.0,178.0,9036.478846153846,93072.30565105865,19654.54326923077,4.735409232162802
Kapodokya.AP,Semi-Arid Plateau,Pump_minus10pct,Pump power,-10%,32.0,65.0,200.0,2.0,225.0,1.0,178.0,8214.98076923077,93072.30565105865,17943.088942307695,5.187083781968282
Kapodokya.AP,Semi-Arid Plateau,Pump_plus10pct,Pump power,+10%,32.0,65.0,200.0,2.0,275.0,1.0,178.0,8214.98076923077,93072.30565105865,21365.997596153848,4.356094548462032
Kapodokya.AP,Semi-Arid Plateau,PVarea_minus10pct,PV area,-10%,32.0,65.0,200.0,2.0,250.0,0.9,178.0,8214.98076923077,83765.07508595279,19654.54326923077,4.261868308946522
Kapodokya.AP,Semi-Arid Plateau,PVarea_plus10pct,PV area,+10%,32.0,65.0,200.0,2.0,250.0,1.1,178.0,8214.98076923077,102379.53621616452,19654.54326923077,5.208950155379083
Kapodokya.AP,Semi-Arid Plateau,PVarea_2m2,PV area design,2 m²,32.0,65.0,200.0,2.0,250.0,2.0,178.0,8214.98076923077,186144.6113021173,19654.54326923077,9.470818464325603
Kapodokya.AP,Semi-Arid Plateau,PVarea_3m2,PV area design,3 m²,32.0,65.0,200.0,2.0,250.0,3.0,178.0,8214.98076923077,279216.9169531759,19654.54326923077,14.206227696488405
Nevsehir,Semi-Arid Plateau,Baseline,Baseline,baseline,32.0,65.0,200.0,2.0,250.0,1.0,51.0,2138.3999999999996,91957.13344452454,6233.0,14.753270246193575
Nevsehir,Semi-Arid Plateau,Tset_minus10pct,Tset,-10%,28.8,65.0,200.0,2.0,250.0,1.0,173.0,8450.267307692306,91957.13344452454,20114.723557692305,4.571632972274091
Nevsehir,Semi-Arid Plateau,Tset_plus10pct,Tset,+10%,35.2,65.0,200.0,2.0,250.0,1.0,2.0,70.47115384615378,91957.13344452454,1630.8149038461538,56.3872290029056
Nevsehir,Semi-Arid Plateau,RHmax_minus10pct,RHmax,-10%,32.0,58.5,200.0,2.0,250.0,1.0,51.0,2123.2499999999995,91957.13344452454,6201.437499999999,14.828357690378168
Nevsehir,Semi-Arid Plateau,RHmax_plus10pct,RHmax,+10%,32.0,71.5,200.0,2.0,250.0,1.0,51.0,2150.7954545454545,91957.13344452454,6258.823863636362,14.692398355990427
Nevsehir,Semi-Arid Plateau,Gmin_minus10pct,Gmin,-10%,32.0,65.0,180.0,2.0,250.0,1.0,51.0,2138.3999999999996,91957.13344452454,6233.0,14.753270246193575
Nevsehir,Semi-Arid Plateau,Gmin_plus10pct,Gmin,+10%,32.0,65.0,220.00000000000003,2.0,250.0,1.0,50.0,2105.54423076923,91957.13344452454,6158.5504807692305,14.931619661423753
Nevsehir,Semi-Arid Plateau,Flow_minus10pct,Water flow rate,-10%,32.0,65.0,200.0,1.8,250.0,1.0,51.0,1924.5599999999997,91957.13344452454,6233.0,14.753270246193575
Nevsehir,Semi-Arid Plateau,Flow_plus10pct,Water flow rate,+10%,32.0,65.0,200.0,2.2,250.0,1.0,51.0,2352.2399999999993,91957.13344452454,6233.0,14.753270246193575
Nevsehir,Semi-Arid Plateau,Pump_minus10pct,Pump power,-10%,32.0,65.0,200.0,2.0,225.0,1.0,51.0,2138.3999999999996,91957.13344452454,5787.5,15.888921545490202
Nevsehir,Semi-Arid Plateau,Pump_plus10pct,Pump power,+10%,32.0,65.0,200.0,2.0,275.0,1.0,51.0,2138.3999999999996,91957.13344452454,6678.5,13.769129811263689
Nevsehir,Semi-Arid Plateau,PVarea_minus10pct,PV area,-10%,32.0,65.0,200.0,2.0,250.0,0.9,51.0,2138.3999999999996,82761.4201000721,6233.0,13.277943221574217
Nevsehir,Semi-Arid Plateau,PVarea_plus10pct,PV area,+10%,32.0,65.0,200.0,2.0,250.0,1.1,51.0,2138.3999999999996,101152.84678897701,6233.0,16.228597270812934
Nevsehir,Semi-Arid Plateau,PVarea_2m2,PV area design,2 m²,32.0,65.0,200.0,2.0,250.0,2.0,51.0,2138.3999999999996,183914.2668890491,6233.0,29.50654049238715
Nevsehir,Semi-Arid Plateau,PVarea_3m2,PV area design,3 m²,32.0,65.0,200.0,2.0,250.0,3.0,51.0,2138.3999999999996,275871.40033357363,6233.0,44.25981073858072
Ordu,Humid Black Sea,Baseline,Baseline,baseline,32.0,65.0,200.0,2.0,250.0,1.0,0.0,0.0,77688.69525885327,1472.0,52.777646235634016
Ordu,Humid Black Sea,Tset_minus10pct,Tset,-10%,28.8,65.0,200.0,2.0,250.0,1.0,26.0,794.1923076923076,77688.69525885327,3282.5673076923076,23.667053247255286
Ordu,Humid Black Sea,Tset_plus10pct,Tset,+10%,35.2,65.0,200.0,2.0,250.0,1.0,0.0,0.0,77688.69525885327,1472.0,52.777646235634016
Ordu,Humid Black Sea,RHmax_minus10pct,RHmax,-10%,32.0,58.5,200.0,2.0,250.0,1.0,0.0,0.0,77688.69525885327,1472.0,52.777646235634016
Ordu,Humid Black Sea,RHmax_plus10pct,RHmax,+10%,32.0,71.5,200.0,2.0,250.0,1.0,0.0,0.0,77688.69525885327,1472.0,52.777646235634016
Ordu,Humid Black Sea,Gmin_minus10pct,Gmin,-10%,32.0,65.0,180.0,2.0,250.0,1.0,0.0,0.0,77688.69525885327,1472.0,52.777646235634016
Ordu,Humid Black Sea,Gmin_plus10pct,Gmin,+10%,32.0,65.0,220.00000000000003,2.0,250.0,1.0,0.0,0.0,77688.69525885327,1472.0,52.777646235634016
Ordu,Humid Black Sea,Flow_minus10pct,Water flow rate,-10%,32.0,65.0,200.0,1.8,250.0,1.0,0.0,0.0,77688.69525885327,1472.0,52.777646235634016
Ordu,Humid Black Sea,Flow_plus10pct,Water flow rate,+10%,32.0,65.0,200.0,2.2,250.0,1.0,0.0,0.0,77688.69525885327,1472.0,52.777646235634016
Ordu,Humid Black Sea,Pump_minus10pct,Pump power,-10%,32.0,65.0,200.0,2.0,225.0,1.0,0.0,0.0,77688.69525885327,1472.0,52.777646235634016
Ordu,Humid Black Sea,Pump_plus10pct,Pump power,+10%,32.0,65.0,200.0,2.0,275.0,1.0,0.0,0.0,77688.69525885327,1472.0,52.777646235634016
Ordu,Humid Black Sea,PVarea_minus10pct,PV area,-10%,32.0,65.0,200.0,2.0,250.0,0.9,0.0,0.0,69919.82573296795,1472.0,47.49988161207062
Ordu,Humid Black Sea,PVarea_plus10pct,PV area,+10%,32.0,65.0,200.0,2.0,250.0,1.1,0.0,0.0,85457.56478473861,1472.0,58.05541085919743
Ordu,Humid Black Sea,PVarea_2m2,PV area design,2 m²,32.0,65.0,200.0,2.0,250.0,2.0,0.0,0.0,155377.39051770655,1472.0,105.55529247126803
Ordu,Humid Black Sea,PVarea_3m2,PV area design,3 m²,32.0,65.0,200.0,2.0,250.0,3.0,0.0,0.0,233066.08577655983,1472.0,158.33293870690207
Osmaniye,Humid Mediterranean Coastal,Baseline,Baseline,baseline,32.0,65.0,200.0,2.0,250.0,1.0,353.0,14395.113461538462,89637.17242552555,33579.81971153847,2.6693762264222354
Osmaniye,Humid Mediterranean Coastal,Tset_minus10pct,Tset,-10%,28.8,65.0,200.0,2.0,250.0,1.0,584.0,27856.275,89637.17242552555,63009.90625,1.422588569960387
Osmaniye,Humid Mediterranean Coastal,Tset_plus10pct,Tset,+10%,35.2,65.0,200.0,2.0,250.0,1.0,57.0,2428.892307692307,89637.17242552555,6874.192307692307,13.03966610378654
Osmaniye,Humid Mediterranean Coastal,RHmax_minus10pct,RHmax,-10%,32.0,58.5,200.0,2.0,250.0,1.0,334.0,13448.528846153848,89637.17242552555,31493.768429487183,2.846187576003115
Osmaniye,Humid Mediterranean Coastal,RHmax_plus10pct,RHmax,+10%,32.0,71.5,200.0,2.0,250.0,1.0,353.0,14704.353146853147,89637.17242552555,34224.069055944055,2.6191266818390586
Osmaniye,Humid Mediterranean Coastal,Gmin_minus10pct,Gmin,-10%,32.0,65.0,180.0,2.0,250.0,1.0,355.0,14456.013461538461,89637.17242552555,33718.69471153846,2.6583820397665607
Osmaniye,Humid Mediterranean Coastal,Gmin_plus10pct,Gmin,+10%,32.0,65.0,220.00000000000003,2.0,250.0,1.0,350.0,14299.851923076923,89637.17242552555,33363.35817307693,2.6866951450306833
Osmaniye,Humid Mediterranean Coastal,Flow_minus10pct,Water flow rate,-10%,32.0,65.0,200.0,1.8,250.0,1.0,353.0,12955.602115384616,89637.17242552555,33579.81971153847,2.6693762264222354
Osmaniye,Humid Mediterranean Coastal,Flow_plus10pct,Water flow rate,+10%,32.0,65.0,200.0,2.2,250.0,1.0,353.0,15834.62480769231,89637.17242552555,33579.81971153847,2.6693762264222354
Osmaniye,Humid Mediterranean Coastal,Pump_minus10pct,Pump power,-10%,32.0,65.0,200.0,2.0,225.0,1.0,353.0,14395.113461538462,89637.17242552555,30580.837740384617,2.931154901199845
Osmaniye,Humid Mediterranean Coastal,Pump_plus10pct,Pump power,+10%,32.0,65.0,200.0,2.0,275.0,1.0,353.0,14395.113461538462,89637.17242552555,36578.801682692305,2.450522387340492
Osmaniye,Humid Mediterranean Coastal,PVarea_minus10pct,PV area,-10%,32.0,65.0,200.0,2.0,250.0,0.9,353.0,14395.113461538462,80673.455182973,33579.81971153847,2.402438603780012
Osmaniye,Humid Mediterranean Coastal,PVarea_plus10pct,PV area,+10%,32.0,65.0,200.0,2.0,250.0,1.1,353.0,14395.113461538462,98600.88966807812,33579.81971153847,2.9363138490644594
Osmaniye,Humid Mediterranean Coastal,PVarea_2m2,PV area design,2 m²,32.0,65.0,200.0,2.0,250.0,2.0,353.0,14395.113461538462,179274.3448510511,33579.81971153847,5.338752452844471
Osmaniye,Humid Mediterranean Coastal,PVarea_3m2,PV area design,3 m²,32.0,65.0,200.0,2.0,250.0,3.0,353.0,14395.113461538462,268911.51727657666,33579.81971153847,8.008128679266706
Rize,Humid Black Sea,Baseline,Baseline,baseline,32.0,65.0,200.0,2.0,250.0,1.0,0.0,0.0,68504.53010478678,1472.0,46.538403603795366
Rize,Humid Black Sea,Tset_minus10pct,Tset,-10%,28.8,65.0,200.0,2.0,250.0,1.0,19.0,622.3557692307692,68504.53010478678,2882.574519230769,23.76505087648787
Rize,Humid Black Sea,Tset_plus10pct,Tset,+10%,35.2,65.0,200.0,2.0,250.0,1.0,0.0,0.0,68504.53010478678,1472.0,46.538403603795366
Rize,Humid Black Sea,RHmax_minus10pct,RHmax,-10%,32.0,58.5,200.0,2.0,250.0,1.0,0.0,0.0,68504.53010478678,1472.0,46.538403603795366
Rize,Humid Black Sea,RHmax_plus10pct,RHmax,+10%,32.0,71.5,200.0,2.0,250.0,1.0,0.0,0.0,68504.53010478678,1472.0,46.538403603795366
Rize,Humid Black Sea,Gmin_minus10pct,Gmin,-10%,32.0,65.0,180.0,2.0,250.0,1.0,0.0,0.0,68504.53010478678,1472.0,46.538403603795366
Rize,Humid Black Sea,Gmin_plus10pct,Gmin,+10%,32.0,65.0,220.00000000000003,2.0,250.0,1.0,0.0,0.0,68504.53010478678,1472.0,46.538403603795366
Rize,Humid Black Sea,Flow_minus10pct,Water flow rate,-10%,32.0,65.0,200.0,1.8,250.0,1.0,0.0,0.0,68504.53010478678,1472.0,46.538403603795366
Rize,Humid Black Sea,Flow_plus10pct,Water flow rate,+10%,32.0,65.0,200.0,2.2,250.0,1.0,0.0,0.0,68504.53010478678,1472.0,46.538403603795366
Rize,Humid Black Sea,Pump_minus10pct,Pump power,-10%,32.0,65.0,200.0,2.0,225.0,1.0,0.0,0.0,68504.53010478678,1472.0,46.538403603795366
Rize,Humid Black Sea,Pump_plus10pct,Pump power,+10%,32.0,65.0,200.0,2.0,275.0,1.0,0.0,0.0,68504.53010478678,1472.0,46.538403603795366
Rize,Humid Black Sea,PVarea_minus10pct,PV area,-10%,32.0,65.0,200.0,2.0,250.0,0.9,0.0,0.0,61654.07709430811,1472.0,41.88456324341583
Rize,Humid Black Sea,PVarea_plus10pct,PV area,+10%,32.0,65.0,200.0,2.0,250.0,1.1,0.0,0.0,75354.98311526547,1472.0,51.19224396417491
Rize,Humid Black Sea,PVarea_2m2,PV area design,2 m²,32.0,65.0,200.0,2.0,250.0,2.0,0.0,0.0,137009.06020957357,1472.0,93.07680720759073
Rize,Humid Black Sea,PVarea_3m2,PV area design,3 m²,32.0,65.0,200.0,2.0,250.0,3.0,0.0,0.0,205513.59031436034,1472.0,139.6152108113861
Siirt,Hot–Dry Inland,Baseline,Baseline,baseline,32.0,65.0,200.0,2.0,250.0,1.0,593.0,38617.29807692308,93045.81804737634,85482.70432692309,1.0884753679706787
Siirt,Hot–Dry Inland,Tset_minus10pct,Tset,-10%,28.8,65.0,200.0,2.0,250.0,1.0,665.0,55665.66923076923,93045.81804737634,121432.14423076922,0.7662371329831119
Siirt,Hot–Dry Inland,Tset_plus10pct,Tset,+10%,35.2,65.0,200.0,2.0,250.0,1.0,405.0,19062.31153846153,93045.81804737634,43615.149038461524,2.133337156897594
Siirt,Hot–Dry Inland,RHmax_minus10pct,RHmax,-10%,32.0,58.5,200.0,2.0,250.0,1.0,593.0,37927.44230769231,93045.81804737634,84045.50480769231,1.1070885737467813
Siirt,Hot–Dry Inland,RHmax_plus10pct,RHmax,+10%,32.0,71.5,200.0,2.0,250.0,1.0,593.0,39181.72552447552,93045.81804737634,86658.59484265734,1.0737055939611764
Siirt,Hot–Dry Inland,Gmin_minus10pct,Gmin,-10%,32.0,65.0,180.0,2.0,250.0,1.0,593.0,38617.29807692308,93045.81804737634,85482.70432692309,1.0884753679706787
Siirt,Hot–Dry Inland,Gmin_plus10pct,Gmin,+10%,32.0,65.0,220.00000000000003,2.0,250.0,1.0,593.0,38617.29807692308,93045.81804737634,85482.70432692309,1.0884753679706787
Siirt,Hot–Dry Inland,Flow_minus10pct,Water flow rate,-10%,32.0,65.0,200.0,1.8,250.0,1.0,593.0,34755.568269230775,93045.81804737634,85482.70432692309,1.0884753679706787
Siirt,Hot–Dry Inland,Flow_plus10pct,Water flow rate,+10%,32.0,65.0,200.0,2.2,250.0,1.0,593.0,42479.02788461539,93045.81804737634,85482.70432692309,1.0884753679706787
Siirt,Hot–Dry Inland,Pump_minus10pct,Pump power,-10%,32.0,65.0,200.0,2.0,225.0,1.0,593.0,38617.29807692308,93045.81804737634,77437.43389423078,1.2015612265053168
Siirt,Hot–Dry Inland,Pump_plus10pct,Pump power,+10%,32.0,65.0,200.0,2.0,275.0,1.0,593.0,38617.29807692308,93045.81804737634,93527.9747596154,0.9948447861350755
Siirt,Hot–Dry Inland,PVarea_minus10pct,PV area,-10%,32.0,65.0,200.0,2.0,250.0,0.9,593.0,38617.29807692308,83741.2362426387,85482.70432692309,0.9796278311736107
Siirt,Hot–Dry Inland,PVarea_plus10pct,PV area,+10%,32.0,65.0,200.0,2.0,250.0,1.1,593.0,38617.29807692308,102350.39985211397,85482.70432692309,1.1973229047677465
Siirt,Hot–Dry Inland,PVarea_2m2,PV area design,2 m²,32.0,65.0,200.0,2.0,250.0,2.0,593.0,38617.29807692308,186091.63609475267,85482.70432692309,2.1769507359413574
Siirt,Hot–Dry Inland,PVarea_3m2,PV area design,3 m²,32.0,65.0,200.0,2.0,250.0,3.0,593.0,38617.29807692308,279137.454142129,85482.70432692309,3.2654261039120356
Adapazari,Temperate Humid Transitional,Baseline,Baseline,baseline,32.0,65.0,200.0,2.0,250.0,1.0,91.0,3592.7711538461535,83910.83464844972,9502.939903846152,8.829986877480751
Adapazari,Temperate Humid Transitional,Tset_minus10pct,Tset,-10%,28.8,65.0,200.0,2.0,250.0,1.0,313.0,11912.976923076923,83910.83464844972,28168.701923076922,2.97886764102916
Adapazari,Temperate Humid Transitional,Tset_plus10pct,Tset,+10%,35.2,65.0,200.0,2.0,250.0,1.0,25.0,931.9903846153843,83910.83464844972,3563.646634615384,23.546339817585764
Adapazari,Temperate Humid Transitional,RHmax_minus10pct,RHmax,-10%,32.0,58.5,200.0,2.0,250.0,1.0,87.0,3331.4423076923076,83910.83464844972,8934.504807692307,9.391772286719833
Adapazari,Temperate Humid Transitional,RHmax_plus10pct,RHmax,+10%,32.0,71.5,200.0,2.0,250.0,1.0,91.0,3708.9624125874125,83910.83464844972,9745.005026223776,8.61065073056873
Adapazari,Temperate Humid Transitional,Gmin_minus10pct,Gmin,-10%,32.0,65.0,180.0,2.0,250.0,1.0,91.0,3592.7711538461535,83910.83464844972,9502.939903846152,8.829986877480751
Adapazari,Temperate Humid Transitional,Gmin_plus10pct,Gmin,+10%,32.0,65.0,220.00000000000003,2.0,250.0,1.0,91.0,3592.7711538461535,83910.83464844972,9502.939903846152,8.829986877480751
Adapazari,Temperate Humid Transitional,Flow_minus10pct,Water flow rate,-10%,32.0,65.0,200.0,1.8,250.0,1.0,91.0,3233.4940384615384,83910.83464844972,9502.939903846152,8.829986877480751
Adapazari,Temperate Humid Transitional,Flow_plus10pct,Water flow rate,+10%,32.0,65.0,200.0,2.2,250.0,1.0,91.0,3952.048269230769,83910.83464844972,9502.939903846152,8.829986877480751
Adapazari,Temperate Humid Transitional,Pump_minus10pct,Pump power,-10%,32.0,65.0,200.0,2.0,225.0,1.0,91.0,3592.7711538461535,83910.83464844972,8754.445913461539,9.584939524204687
Adapazari,Temperate Humid Transitional,Pump_plus10pct,Pump power,+10%,32.0,65.0,200.0,2.0,275.0,1.0,91.0,3592.7711538461535,83910.83464844972,10251.43389423077,8.185277836661706
Adapazari,Temperate Humid Transitional,PVarea_minus10pct,PV area,-10%,32.0,65.0,200.0,2.0,250.0,0.9,91.0,3592.7711538461535,75519.75118360475,9502.939903846152,7.946988189732676
Adapazari,Temperate Humid Transitional,PVarea_plus10pct,PV area,+10%,32.0,65.0,200.0,2.0,250.0,1.1,91.0,3592.7711538461535,92301.9181132947,9502.939903846152,9.712985565228827
Adapazari,Temperate Humid Transitional,PVarea_2m2,PV area design,2 m²,32.0,65.0,200.0,2.0,250.0,2.0,91.0,3592.7711538461535,167821.66929689943,9502.939903846152,17.659973754961502
Adapazari,Temperate Humid Transitional,PVarea_3m2,PV area design,3 m²,32.0,65.0,200.0,2.0,250.0,3.0,91.0,3592.7711538461535,251732.50394534913,9502.939903846152,26.48996063244225
Sinop,Temperate Humid Transitional,Baseline,Baseline,baseline,32.0,65.0,200.0,2.0,250.0,1.0,0.0,0.0,82500.43633680364,1472.0,56.04649207663291
Sinop,Temperate Humid Transitional,Tset_minus10pct,Tset,-10%,28.8,65.0,200.0,2.0,250.0,1.0,31.0,957.1038461538462,82500.43633680364,3651.966346153846,22.590689101965825
Sinop,Temperate Humid Transitional,Tset_plus10pct,Tset,+10%,35.2,65.0,200.0,2.0,250.0,1.0,0.0,0.0,82500.43633680364,1472.0,56.04649207663291
Sinop,Temperate Humid Transitional,RHmax_minus10pct,RHmax,-10%,32.0,58.5,200.0,2.0,250.0,1.0,0.0,0.0,82500.43633680364,1472.0,56.04649207663291
Sinop,Temperate Humid Transitional,RHmax_plus10pct,RHmax,+10%,32.0,71.5,200.0,2.0,250.0,1.0,0.0,0.0,82500.43633680364,1472.0,56.04649207663291
Sinop,Temperate Humid Transitional,Gmin_minus10pct,Gmin,-10%,32.0,65.0,180.0,2.0,250.0,1.0,0.0,0.0,82500.43633680364,1472.0,56.04649207663291
Sinop,Temperate Humid Transitional,Gmin_plus10pct,Gmin,+10%,32.0,65.0,220.00000000000003,2.0,250.0,1.0,0.0,0.0,82500.43633680364,1472.0,56.04649207663291
Sinop,Temperate Humid Transitional,Flow_minus10pct,Water flow rate,-10%,32.0,65.0,200.0,1.8,250.0,1.0,0.0,0.0,82500.43633680364,1472.0,56.04649207663291
Sinop,Temperate Humid Transitional,Flow_plus10pct,Water flow rate,+10%,32.0,65.0,200.0,2.2,250.0,1.0,0.0,0.0,82500.43633680364,1472.0,56.04649207663291
Sinop,Temperate Humid Transitional,Pump_minus10pct,Pump power,-10%,32.0,65.0,200.0,2.0,225.0,1.0,0.0,0.0,82500.43633680364,1472.0,56.04649207663291
Sinop,Temperate Humid Transitional,Pump_plus10pct,Pump power,+10%,32.0,65.0,200.0,2.0,275.0,1.0,0.0,0.0,82500.43633680364,1472.0,56.04649207663291
Sinop,Temperate Humid Transitional,PVarea_minus10pct,PV area,-10%,32.0,65.0,200.0,2.0,250.0,0.9,0.0,0.0,74250.39270312327,1472.0,50.441842868969616
Sinop,Temperate Humid Transitional,PVarea_plus10pct,PV area,+10%,32.0,65.0,200.0,2.0,250.0,1.1,0.0,0.0,90750.47997048401,1472.0,61.6511412842962
Sinop,Temperate Humid Transitional,PVarea_2m2,PV area design,2 m²,32.0,65.0,200.0,2.0,250.0,2.0,0.0,0.0,165000.8726736073,1472.0,112.09298415326582
Sinop,Temperate Humid Transitional,PVarea_3m2,PV area design,3 m²,32.0,65.0,200.0,2.0,250.0,3.0,0.0,0.0,247501.3090104109,1472.0,168.13947622989872
Sirnak,Hot–Dry Inland,Baseline,Baseline,baseline,32.0,65.0,200.0,2.0,250.0,1.0,665.0,55215.04615384616,93177.25449016833,120493.34615384616,0.7732979244447192
Sirnak,Hot–Dry Inland,Tset_minus10pct,Tset,-10%,28.8,65.0,200.0,2.0,250.0,1.0,702.0,64055.30192307693,93177.25449016833,139132.54567307694,0.6697013559222093
Sirnak,Hot–Dry Inland,Tset_plus10pct,Tset,+10%,35.2,65.0,200.0,2.0,250.0,1.0,581.0,37678.07884615383,93177.25449016833,83453.99759615381,1.1165103790601714
Sirnak,Hot–Dry Inland,RHmax_minus10pct,RHmax,-10%,32.0,58.5,200.0,2.0,250.0,1.0,665.0,53959.88461538461,93177.25449016833,117878.42628205128,0.7904521414904224
Sirnak,Hot–Dry Inland,RHmax_plus10pct,RHmax,+10%,32.0,71.5,200.0,2.0,250.0,1.0,665.0,56241.99650349651,93177.25449016833,122632.82604895106,0.7598067947400559
Sirnak,Hot–Dry Inland,Gmin_minus10pct,Gmin,-10%,32.0,65.0,180.0,2.0,250.0,1.0,665.0,55215.04615384616,93177.25449016833,120493.34615384616,0.7732979244447192
Sirnak,Hot–Dry Inland,Gmin_plus10pct,Gmin,+10%,32.0,65.0,220.00000000000003,2.0,250.0,1.0,665.0,55215.04615384616,93177.25449016833,120493.34615384616,0.7732979244447192
Sirnak,Hot–Dry Inland,Flow_minus10pct,Water flow rate,-10%,32.0,65.0,200.0,1.8,250.0,1.0,665.0,49693.54153846153,93177.25449016833,120493.34615384616,0.7732979244447192
Sirnak,Hot–Dry Inland,Flow_plus10pct,Water flow rate,+10%,32.0,65.0,200.0,2.2,250.0,1.0,665.0,60736.55076923077,93177.25449016833,120493.34615384616,0.7732979244447192
Sirnak,Hot–Dry Inland,Pump_minus10pct,Pump power,-10%,32.0,65.0,200.0,2.0,225.0,1.0,665.0,55215.04615384616,93177.25449016833,108990.21153846153,0.8549139704833679
Sirnak,Hot–Dry Inland,Pump_plus10pct,Pump power,+10%,32.0,65.0,200.0,2.0,275.0,1.0,665.0,55215.04615384616,93177.25449016833,131996.48076923078,0.7059071116681509
Sirnak,Hot–Dry Inland,PVarea_minus10pct,PV area,-10%,32.0,65.0,200.0,2.0,250.0,0.9,665.0,55215.04615384616,83859.5290411515,120493.34615384616,0.6959681320002474
Sirnak,Hot–Dry Inland,PVarea_plus10pct,PV area,+10%,32.0,65.0,200.0,2.0,250.0,1.1,665.0,55215.04615384616,102494.97993918517,120493.34615384616,0.8506277168891913
Sirnak,Hot–Dry Inland,PVarea_2m2,PV area design,2 m²,32.0,65.0,200.0,2.0,250.0,2.0,665.0,55215.04615384616,186354.50898033666,120493.34615384616,1.5465958488894385
Sirnak,Hot–Dry Inland,PVarea_3m2,PV area design,3 m²,32.0,65.0,200.0,2.0,250.0,3.0,665.0,55215.04615384616,279531.763470505,120493.34615384616,2.319893773334158
Samsun,Temperate Humid Transitional,Baseline,Baseline,baseline,32.0,65.0,200.0,2.0,250.0,1.0,6.0,186.7153846153846,77995.50353165946,1896.9903846153848,41.11539213071608
Samsun,Temperate Humid Transitional,Tset_minus10pct,Tset,-10%,28.8,65.0,200.0,2.0,250.0,1.0,48.0,1481.8673076923073,77995.50353165946,4847.223557692308,16.09075847304059
Samsun,Temperate Humid Transitional,Tset_plus10pct,Tset,+10%,35.2,65.0,200.0,2.0,250.0,1.0,0.0,0.0,77995.50353165946,1472.0,52.98607576879039
Samsun,Temperate Humid Transitional,RHmax_minus10pct,RHmax,-10%,32.0,58.5,200.0,2.0,250.0,1.0,2.0,61.72115384615384,77995.50353165946,1612.5857371794873,48.36673283994093
Samsun,Temperate Humid Transitional,RHmax_plus10pct,RHmax,+10%,32.0,71.5,200.0,2.0,250.0,1.0,6.0,193.5708041958042,77995.50353165946,1911.2725087412587,40.80815434478591
Samsun,Temperate Humid Transitional,Gmin_minus10pct,Gmin,-10%,32.0,65.0,180.0,2.0,250.0,1.0,6.0,186.7153846153846,77995.50353165946,1896.9903846153848,41.11539213071608
Samsun,Temperate Humid Transitional,Gmin_plus10pct,Gmin,+10%,32.0,65.0,220.00000000000003,2.0,250.0,1.0,6.0,186.7153846153846,77995.50353165946,1896.9903846153848,41.11539213071608
Samsun,Temperate Humid Transitional,Flow_minus10pct,Water flow rate,-10%,32.0,65.0,200.0,1.8,250.0,1.0,6.0,168.04384615384618,77995.50353165946,1896.9903846153848,41.11539213071608
Samsun,Temperate Humid Transitional,Flow_plus10pct,Water flow rate,+10%,32.0,65.0,200.0,2.2,250.0,1.0,6.0,205.38692307692304,77995.50353165946,1896.9903846153848,41.11539213071608
Samsun,Temperate Humid Transitional,Pump_minus10pct,Pump power,-10%,32.0,65.0,200.0,2.0,225.0,1.0,6.0,186.7153846153846,77995.50353165946,1858.0913461538462,41.97614056655834
Samsun,Temperate Humid Transitional,Pump_plus10pct,Pump power,+10%,32.0,65.0,200.0,2.0,275.0,1.0,6.0,186.7153846153846,77995.50353165946,1935.889423076923,40.28923480954433
Samsun,Temperate Humid Transitional,PVarea_minus10pct,PV area,-10%,32.0,65.0,200.0,2.0,250.0,0.9,6.0,186.7153846153846,70195.95317849351,1896.9903846153848,37.00385291764447
Samsun,Temperate Humid Transitional,PVarea_plus10pct,PV area,+10%,32.0,65.0,200.0,2.0,250.0,1.1,6.0,186.7153846153846,85795.05388482541,1896.9903846153848,45.22693134378769
Samsun,Temperate Humid Transitional,PVarea_2m2,PV area design,2 m²,32.0,65.0,200.0,2.0,250.0,2.0,6.0,186.7153846153846,155991.00706331892,1896.9903846153848,82.23078426143216
Samsun,Temperate Humid Transitional,PVarea_3m2,PV area design,3 m²,32.0,65.0,200.0,2.0,250.0,3.0,6.0,186.7153846153846,233986.51059497838,1896.9903846153848,123.34617639214824
Sanliurfa,Hot–Dry Inland,Baseline,Baseline,baseline,32.0,65.0,200.0,2.0,250.0,1.0,629.0,43714.36153846154,92527.56142883495,96317.58653846155,0.9606507467033223
Sanliurfa,Hot–Dry Inland,Tset_minus10pct,Tset,-10%,28.8,65.0,200.0,2.0,250.0,1.0,704.0,58200.55384615385,92527.56142883495,126947.15384615384,0.7288667656225543
Sanliurfa,Hot–Dry Inland,Tset_plus10pct,Tset,+10%,35.2,65.0,200.0,2.0,250.0,1.0,454.0,24324.651923076915,92527.56142883495,54872.3581730769,1.6862326407949706
Sanliurfa,Hot–Dry Inland,RHmax_minus10pct,RHmax,-10%,32.0,58.5,200.0,2.0,250.0,1.0,629.0,42766.971153846156,92527.56142883495,94343.85657051283,0.980748135515105
Sanliurfa,Hot–Dry Inland,RHmax_plus10pct,RHmax,+10%,32.0,71.5,200.0,2.0,250.0,1.0,629.0,44489.499125874136,92527.56142883495,97932.45651223778,0.9448099713221486
Sanliurfa,Hot–Dry Inland,Gmin_minus10pct,Gmin,-10%,32.0,65.0,180.0,2.0,250.0,1.0,632.0,43947.11538461539,92527.56142883495,96820.4903846154,0.9556609459554793
Sanliurfa,Hot–Dry Inland,Gmin_plus10pct,Gmin,+10%,32.0,65.0,220.00000000000003,2.0,250.0,1.0,620.0,43190.336538461546,92527.56142883495,95171.86778846155,0.972215462183593
Sanliurfa,Hot–Dry Inland,Flow_minus10pct,Water flow rate,-10%,32.0,65.0,200.0,1.8,250.0,1.0,629.0,39342.92538461539,92527.56142883495,96317.58653846155,0.9606507467033223
Sanliurfa,Hot–Dry Inland,Flow_plus10pct,Water flow rate,+10%,32.0,65.0,200.0,2.2,250.0,1.0,629.0,48085.7976923077,92527.56142883495,96317.58653846155,0.9606507467033223
Sanliurfa,Hot–Dry Inland,Pump_minus10pct,Pump power,-10%,32.0,65.0,200.0,2.0,225.0,1.0,629.0,43714.36153846154,92527.56142883495,87210.4278846154,1.0609690110826475
Sanliurfa,Hot–Dry Inland,Pump_plus10pct,Pump power,+10%,32.0,65.0,200.0,2.0,275.0,1.0,629.0,43714.36153846154,92527.56142883495,105424.74519230769,0.8776645488689899
Sanliurfa,Hot–Dry Inland,PVarea_minus10pct,PV area,-10%,32.0,65.0,200.0,2.0,250.0,0.9,629.0,43714.36153846154,83274.80528595146,96317.58653846155,0.8645856720329901
Sanliurfa,Hot–Dry Inland,PVarea_plus10pct,PV area,+10%,32.0,65.0,200.0,2.0,250.0,1.1,629.0,43714.36153846154,101780.31757171845,96317.58653846155,1.0567158213736545
Sanliurfa,Hot–Dry Inland,PVarea_2m2,PV area design,2 m²,32.0,65.0,200.0,2.0,250.0,2.0,629.0,43714.36153846154,185055.1228576699,96317.58653846155,1.9213014934066446
Sanliurfa,Hot–Dry Inland,PVarea_3m2,PV area design,3 m²,32.0,65.0,200.0,2.0,250.0,3.0,629.0,43714.36153846154,277582.68428650487,96317.58653846155,2.881952240109967
Sanliurfa.GAP.AP,Hot–Dry Inland,Baseline,Baseline,baseline,32.0,65.0,200.0,2.0,250.0,1.0,534.0,31258.88653846154,93409.63521473712,69798.68028846153,1.3382722256165456
Sanliurfa.GAP.AP,Hot–Dry Inland,Tset_minus10pct,Tset,-10%,28.8,65.0,200.0,2.0,250.0,1.0,646.0,48550.69615384615,93409.63521473712,106495.28365384614,0.8771246200757321
Sanliurfa.GAP.AP,Hot–Dry Inland,Tset_plus10pct,Tset,+10%,35.2,65.0,200.0,2.0,250.0,1.0,267.0,12356.324999999993,93409.63521473712,28816.343749999985,3.241550559818581
Sanliurfa.GAP.AP,Hot–Dry Inland,RHmax_minus10pct,RHmax,-10%,32.0,58.5,200.0,2.0,250.0,1.0,534.0,30684.846153846156,93409.63521473712,68602.76282051281,1.3616016523871957
Sanliurfa.GAP.AP,Hot–Dry Inland,RHmax_plus10pct,RHmax,+10%,32.0,71.5,200.0,2.0,250.0,1.0,534.0,31728.555944055945,93409.63521473712,70777.15821678322,1.3197709199998244
Sanliurfa.GAP.AP,Hot–Dry Inland,Gmin_minus10pct,Gmin,-10%,32.0,65.0,180.0,2.0,250.0,1.0,535.0,31329.559615384616,93409.63521473712,69951.91586538461,1.335340627331702
Sanliurfa.GAP.AP,Hot–Dry Inland,Gmin_plus10pct,Gmin,+10%,32.0,65.0,220.00000000000003,2.0,250.0,1.0,530.0,31050.271153846155,93409.63521473712,69340.06490384616,1.3471235618868864
Sanliurfa.GAP.AP,Hot–Dry Inland,Flow_minus10pct,Water flow rate,-10%,32.0,65.0,200.0,1.8,250.0,1.0,534.0,28132.997884615386,93409.63521473712,69798.68028846153,1.3382722256165456
Sanliurfa.GAP.AP,Hot–Dry Inland,Flow_plus10pct,Water flow rate,+10%,32.0,65.0,200.0,2.2,250.0,1.0,534.0,34384.77519230769,93409.63521473712,69798.68028846153,1.3382722256165456
Sanliurfa.GAP.AP,Hot–Dry Inland,Pump_minus10pct,Pump power,-10%,32.0,65.0,200.0,2.0,225.0,1.0,534.0,31258.88653846154,93409.63521473712,63286.41225961538,1.4759824720597112
Sanliurfa.GAP.AP,Hot–Dry Inland,Pump_plus10pct,Pump power,+10%,32.0,65.0,200.0,2.0,275.0,1.0,534.0,31258.88653846154,93409.63521473712,76310.94831730769,1.2240659731593373
Sanliurfa.GAP.AP,Hot–Dry Inland,PVarea_minus10pct,PV area,-10%,32.0,65.0,200.0,2.0,250.0,0.9,534.0,31258.88653846154,84068.67169326342,69798.68028846153,1.204445003054891
Sanliurfa.GAP.AP,Hot–Dry Inland,PVarea_plus10pct,PV area,+10%,32.0,65.0,200.0,2.0,250.0,1.1,534.0,31258.88653846154,102750.59873621084,69798.68028846153,1.4720994481782002
Sanliurfa.GAP.AP,Hot–Dry Inland,PVarea_2m2,PV area design,2 m²,32.0,65.0,200.0,2.0,250.0,2.0,534.0,31258.88653846154,186819.27042947424,69798.68028846153,2.676544451233091
Sanliurfa.GAP.AP,Hot–Dry Inland,PVarea_3m2,PV area design,3 m²,32.0,65.0,200.0,2.0,250.0,3.0,534.0,31258.88653846154,280228.90564421134,69798.68028846153,4.0148166768496365
Sivas,Semi-Arid Plateau,Baseline,Baseline,baseline,32.0,65.0,200.0,2.0,250.0,1.0,52.0,2123.3307692307694,88543.63712146197,6207.6057692307695,14.263733943986278
Sivas,Semi-Arid Plateau,Tset_minus10pct,Tset,-10%,28.8,65.0,200.0,2.0,250.0,1.0,149.0,7685.6826923076915,88543.63712146197,18377.83894230769,4.817956964331934
Sivas,Semi-Arid Plateau,Tset_plus10pct,Tset,+10%,35.2,65.0,200.0,2.0,250.0,1.0,1.0,34.67307692307692,88543.63712146197,1550.235576923077,57.116246356056585
Sivas,Semi-Arid Plateau,RHmax_minus10pct,RHmax,-10%,32.0,58.5,200.0,2.0,250.0,1.0,52.0,2108.173076923077,88543.63712146197,6176.027243589743,14.336665566584681
Sivas,Semi-Arid Plateau,RHmax_plus10pct,RHmax,+10%,32.0,71.5,200.0,2.0,250.0,1.0,52.0,2135.7325174825173,88543.63712146197,6233.442744755244,14.204612241920678
Sivas,Semi-Arid Plateau,Gmin_minus10pct,Gmin,-10%,32.0,65.0,180.0,2.0,250.0,1.0,52.0,2123.3307692307694,88543.63712146197,6207.6057692307695,14.263733943986278
Sivas,Semi-Arid Plateau,Gmin_plus10pct,Gmin,+10%,32.0,65.0,220.00000000000003,2.0,250.0,1.0,52.0,2123.3307692307694,88543.63712146197,6207.6057692307695,14.263733943986278
Sivas,Semi-Arid Plateau,Flow_minus10pct,Water flow rate,-10%,32.0,65.0,200.0,1.8,250.0,1.0,52.0,1910.9976923076924,88543.63712146197,6207.6057692307695,14.263733943986278
Sivas,Semi-Arid Plateau,Flow_plus10pct,Water flow rate,+10%,32.0,65.0,200.0,2.2,250.0,1.0,52.0,2335.663846153846,88543.63712146197,6207.6057692307695,14.263733943986278
Sivas,Semi-Arid Plateau,Pump_minus10pct,Pump power,-10%,32.0,65.0,200.0,2.0,225.0,1.0,52.0,2123.3307692307694,88543.63712146197,5765.245192307692,15.358173706055341
Sivas,Semi-Arid Plateau,Pump_plus10pct,Pump power,+10%,32.0,65.0,200.0,2.0,275.0,1.0,52.0,2123.3307692307694,88543.63712146197,6649.966346153847,13.314900032941237
Sivas,Semi-Arid Plateau,PVarea_minus10pct,PV area,-10%,32.0,65.0,200.0,2.0,250.0,0.9,52.0,2123.3307692307694,79689.27340931578,6207.6057692307695,12.83736054958765
Sivas,Semi-Arid Plateau,PVarea_plus10pct,PV area,+10%,32.0,65.0,200.0,2.0,250.0,1.1,52.0,2123.3307692307694,97398.00083360818,6207.6057692307695,15.690107338384907
Sivas,Semi-Arid Plateau,PVarea_2m2,PV area design,2 m²,32.0,65.0,200.0,2.0,250.0,2.0,52.0,2123.3307692307694,177087.27424292394,6207.6057692307695,28.527467887972556
Sivas,Semi-Arid Plateau,PVarea_3m2,PV area design,3 m²,32.0,65.0,200.0,2.0,250.0,3.0,52.0,2123.3307692307694,265630.9113643859,6207.6057692307695,42.79120183195883
Trabzon.AP,Humid Black Sea,Baseline,Baseline,baseline,32.0,65.0,200.0,2.0,250.0,1.0,0.0,0.0,71965.09398382436,1472.0,48.8893301520546
Trabzon.AP,Humid Black Sea,Tset_minus10pct,Tset,-10%,28.8,65.0,200.0,2.0,250.0,1.0,11.0,347.6538461538462,71965.09398382436,2262.278846153846,31.81088578279107
Trabzon.AP,Humid Black Sea,Tset_plus10pct,Tset,+10%,35.2,65.0,200.0,2.0,250.0,1.0,0.0,0.0,71965.09398382436,1472.0,48.8893301520546
Trabzon.AP,Humid Black Sea,RHmax_minus10pct,RHmax,-10%,32.0,58.5,200.0,2.0,250.0,1.0,0.0,0.0,71965.09398382436,1472.0,48.8893301520546
Trabzon.AP,Humid Black Sea,RHmax_plus10pct,RHmax,+10%,32.0,71.5,200.0,2.0,250.0,1.0,0.0,0.0,71965.09398382436,1472.0,48.8893301520546
Trabzon.AP,Humid Black Sea,Gmin_minus10pct,Gmin,-10%,32.0,65.0,180.0,2.0,250.0,1.0,0.0,0.0,71965.09398382436,1472.0,48.8893301520546
Trabzon.AP,Humid Black Sea,Gmin_plus10pct,Gmin,+10%,32.0,65.0,220.00000000000003,2.0,250.0,1.0,0.0,0.0,71965.09398382436,1472.0,48.8893301520546
Trabzon.AP,Humid Black Sea,Flow_minus10pct,Water flow rate,-10%,32.0,65.0,200.0,1.8,250.0,1.0,0.0,0.0,71965.09398382436,1472.0,48.8893301520546
Trabzon.AP,Humid Black Sea,Flow_plus10pct,Water flow rate,+10%,32.0,65.0,200.0,2.2,250.0,1.0,0.0,0.0,71965.09398382436,1472.0,48.8893301520546
Trabzon.AP,Humid Black Sea,Pump_minus10pct,Pump power,-10%,32.0,65.0,200.0,2.0,225.0,1.0,0.0,0.0,71965.09398382436,1472.0,48.8893301520546
Trabzon.AP,Humid Black Sea,Pump_plus10pct,Pump power,+10%,32.0,65.0,200.0,2.0,275.0,1.0,0.0,0.0,71965.09398382436,1472.0,48.8893301520546
Trabzon.AP,Humid Black Sea,PVarea_minus10pct,PV area,-10%,32.0,65.0,200.0,2.0,250.0,0.9,0.0,0.0,64768.58458544193,1472.0,44.00039713684914
Trabzon.AP,Humid Black Sea,PVarea_plus10pct,PV area,+10%,32.0,65.0,200.0,2.0,250.0,1.1,0.0,0.0,79161.60338220681,1472.0,53.778263167260064
Trabzon.AP,Humid Black Sea,PVarea_2m2,PV area design,2 m²,32.0,65.0,200.0,2.0,250.0,2.0,0.0,0.0,143930.18796764873,1472.0,97.7786603041092
Trabzon.AP,Humid Black Sea,PVarea_3m2,PV area design,3 m²,32.0,65.0,200.0,2.0,250.0,3.0,0.0,0.0,215895.2819514731,1472.0,146.66799045616378
Tunceli,Hot–Dry Inland,Baseline,Baseline,baseline,32.0,65.0,200.0,2.0,250.0,1.0,341.0,17402.273076923077,94191.5831978973,39772.73557692308,2.368245025935533
Tunceli,Hot–Dry Inland,Tset_minus10pct,Tset,-10%,28.8,65.0,200.0,2.0,250.0,1.0,540.0,34067.64807692307,94191.5831978973,75686.26682692308,1.244500318839765
Tunceli,Hot–Dry Inland,Tset_plus10pct,Tset,+10%,35.2,65.0,200.0,2.0,250.0,1.0,125.0,4810.6326923076895,94191.5831978973,12244.151442307686,7.692781622451476
Tunceli,Hot–Dry Inland,RHmax_minus10pct,RHmax,-10%,32.0,58.5,200.0,2.0,250.0,1.0,341.0,17108.817307692312,94191.5831978973,39161.36939102564,2.4052167904905435
Tunceli,Hot–Dry Inland,RHmax_plus10pct,RHmax,+10%,32.0,71.5,200.0,2.0,250.0,1.0,341.0,17642.373251748253,94191.5831978973,40272.94427447552,2.3388303213180945
Tunceli,Hot–Dry Inland,Gmin_minus10pct,Gmin,-10%,32.0,65.0,180.0,2.0,250.0,1.0,341.0,17402.273076923077,94191.5831978973,39772.73557692308,2.368245025935533
Tunceli,Hot–Dry Inland,Gmin_plus10pct,Gmin,+10%,32.0,65.0,220.00000000000003,2.0,250.0,1.0,341.0,17402.273076923077,94191.5831978973,39772.73557692308,2.368245025935533
Tunceli,Hot–Dry Inland,Flow_minus10pct,Water flow rate,-10%,32.0,65.0,200.0,1.8,250.0,1.0,341.0,15662.04576923077,94191.5831978973,39772.73557692308,2.368245025935533
Tunceli,Hot–Dry Inland,Flow_plus10pct,Water flow rate,+10%,32.0,65.0,200.0,2.2,250.0,1.0,341.0,19142.500384615385,94191.5831978973,39772.73557692308,2.368245025935533
Tunceli,Hot–Dry Inland,Pump_minus10pct,Pump power,-10%,32.0,65.0,200.0,2.0,225.0,1.0,341.0,17402.273076923077,94191.5831978973,36147.262019230766,2.605773658535639
Tunceli,Hot–Dry Inland,Pump_plus10pct,Pump power,+10%,32.0,65.0,200.0,2.0,275.0,1.0,341.0,17402.273076923077,94191.5831978973,43398.209134615376,2.1704025367896573
Tunceli,Hot–Dry Inland,PVarea_minus10pct,PV area,-10%,32.0,65.0,200.0,2.0,250.0,0.9,341.0,17402.273076923077,84772.42487810757,39772.73557692308,2.13142052334198
Tunceli,Hot–Dry Inland,PVarea_plus10pct,PV area,+10%,32.0,65.0,200.0,2.0,250.0,1.1,341.0,17402.273076923077,103610.74151768704,39772.73557692308,2.605069528529087
Tunceli,Hot–Dry Inland,PVarea_2m2,PV area design,2 m²,32.0,65.0,200.0,2.0,250.0,2.0,341.0,17402.273076923077,188383.1663957946,39772.73557692308,4.736490051871066
Tunceli,Hot–Dry Inland,PVarea_3m2,PV area design,3 m²,32.0,65.0,200.0,2.0,250.0,3.0,341.0,17402.273076923077,282574.7495936919,39772.73557692308,7.1047350778066
Corlu,Temperate / Windy Coastal,Baseline,Baseline,baseline,32.0,65.0,200.0,2.0,250.0,1.0,58.0,1810.269230769231,89382.8993588662,5591.3942307692305,15.985798115789349
Corlu,Temperate / Windy Coastal,Tset_minus10pct,Tset,-10%,28.8,65.0,200.0,2.0,250.0,1.0,332.0,11544.726923076923,89382.8993588662,27515.514423076922,3.2484545985410276
Corlu,Temperate / Windy Coastal,Tset_plus10pct,Tset,+10%,35.2,65.0,200.0,2.0,250.0,1.0,0.0,0.0,89382.8993588662,1472.0,60.722078368794975
Corlu,Temperate / Windy Coastal,RHmax_minus10pct,RHmax,-10%,32.0,58.5,200.0,2.0,250.0,1.0,56.0,1726.346153846154,89382.8993588662,5404.554487179487,16.53843986047277
Corlu,Temperate / Windy Coastal,RHmax_plus10pct,RHmax,+10%,32.0,71.5,200.0,2.0,250.0,1.0,58.0,1830.472027972028,89382.8993588662,5633.483391608392,15.866364227151271
Corlu,Temperate / Windy Coastal,Gmin_minus10pct,Gmin,-10%,32.0,65.0,180.0,2.0,250.0,1.0,58.0,1810.269230769231,89382.8993588662,5591.3942307692305,15.985798115789349
Corlu,Temperate / Windy Coastal,Gmin_plus10pct,Gmin,+10%,32.0,65.0,220.00000000000003,2.0,250.0,1.0,58.0,1810.269230769231,89382.8993588662,5591.3942307692305,15.985798115789349
Corlu,Temperate / Windy Coastal,Flow_minus10pct,Water flow rate,-10%,32.0,65.0,200.0,1.8,250.0,1.0,58.0,1629.2423076923078,89382.8993588662,5591.3942307692305,15.985798115789349
Corlu,Temperate / Windy Coastal,Flow_plus10pct,Water flow rate,+10%,32.0,65.0,200.0,2.2,250.0,1.0,58.0,1991.2961538461536,89382.8993588662,5591.3942307692305,15.985798115789349
Corlu,Temperate / Windy Coastal,Pump_minus10pct,Pump power,-10%,32.0,65.0,200.0,2.0,225.0,1.0,58.0,1810.269230769231,89382.8993588662,5214.254807692308,17.142027510240666
Corlu,Temperate / Windy Coastal,Pump_plus10pct,Pump power,+10%,32.0,65.0,200.0,2.0,275.0,1.0,58.0,1810.269230769231,89382.8993588662,5968.533653846154,14.975688258248722
Corlu,Temperate / Windy Coastal,PVarea_minus10pct,PV area,-10%,32.0,65.0,200.0,2.0,250.0,0.9,58.0,1810.269230769231,80444.60942297959,5591.3942307692305,14.387218304210414
Corlu,Temperate / Windy Coastal,PVarea_plus10pct,PV area,+10%,32.0,65.0,200.0,2.0,250.0,1.1,58.0,1810.269230769231,98321.18929475282,5591.3942307692305,17.584377927368283
Corlu,Temperate / Windy Coastal,PVarea_2m2,PV area design,2 m²,32.0,65.0,200.0,2.0,250.0,2.0,58.0,1810.269230769231,178765.7987177324,5591.3942307692305,31.971596231578697
Corlu,Temperate / Windy Coastal,PVarea_3m2,PV area design,3 m²,32.0,65.0,200.0,2.0,250.0,3.0,58.0,1810.269230769231,268148.6980765986,5591.3942307692305,47.957394347368044
Tekirdag,Temperate Humid Transitional,Baseline,Baseline,baseline,32.0,65.0,200.0,2.0,250.0,1.0,4.0,124.43076923076922,87785.68585321518,1755.2307692307693,50.013757388544015
Tekirdag,Temperate Humid Transitional,Tset_minus10pct,Tset,-10%,28.8,65.0,200.0,2.0,250.0,1.0,166.0,5504.7,87785.68585321518,13936.125,6.299145985933333
Tekirdag,Temperate Humid Transitional,Tset_plus10pct,Tset,+10%,35.2,65.0,200.0,2.0,250.0,1.0,0.0,0.0,87785.68585321518,1472.0,59.637014845934225
Tekirdag,Temperate Humid Transitional,RHmax_minus10pct,RHmax,-10%,32.0,58.5,200.0,2.0,250.0,1.0,4.0,123.04807692307693,87785.68585321518,1752.3501602564102,50.09597273661907
Tekirdag,Temperate Humid Transitional,RHmax_plus10pct,RHmax,+10%,32.0,71.5,200.0,2.0,250.0,1.0,4.0,125.56206293706293,87785.68585321518,1757.5876311188813,49.94669073617158
Tekirdag,Temperate Humid Transitional,Gmin_minus10pct,Gmin,-10%,32.0,65.0,180.0,2.0,250.0,1.0,4.0,124.43076923076922,87785.68585321518,1755.2307692307693,50.013757388544015
Tekirdag,Temperate Humid Transitional,Gmin_plus10pct,Gmin,+10%,32.0,65.0,220.00000000000003,2.0,250.0,1.0,4.0,124.43076923076922,87785.68585321518,1755.2307692307693,50.013757388544015
Tekirdag,Temperate Humid Transitional,Flow_minus10pct,Water flow rate,-10%,32.0,65.0,200.0,1.8,250.0,1.0,4.0,111.9876923076923,87785.68585321518,1755.2307692307693,50.013757388544015
Tekirdag,Temperate Humid Transitional,Flow_plus10pct,Water flow rate,+10%,32.0,65.0,200.0,2.2,250.0,1.0,4.0,136.87384615384616,87785.68585321518,1755.2307692307693,50.013757388544015
Tekirdag,Temperate Humid Transitional,Pump_minus10pct,Pump power,-10%,32.0,65.0,200.0,2.0,225.0,1.0,4.0,124.43076923076922,87785.68585321518,1729.3076923076924,50.76348543622603
Tekirdag,Temperate Humid Transitional,Pump_plus10pct,Pump power,+10%,32.0,65.0,200.0,2.0,275.0,1.0,4.0,124.43076923076922,87785.68585321518,1781.1538461538462,49.28585256280705
Tekirdag,Temperate Humid Transitional,PVarea_minus10pct,PV area,-10%,32.0,65.0,200.0,2.0,250.0,0.9,4.0,124.43076923076922,79007.11726789367,1755.2307692307693,45.012381649689615
Tekirdag,Temperate Humid Transitional,PVarea_plus10pct,PV area,+10%,32.0,65.0,200.0,2.0,250.0,1.1,4.0,124.43076923076922,96564.25443853671,1755.2307692307693,55.01513312739842
Tekirdag,Temperate Humid Transitional,PVarea_2m2,PV area design,2 m²,32.0,65.0,200.0,2.0,250.0,2.0,4.0,124.43076923076922,175571.37170643036,1755.2307692307693,100.02751477708803
Tekirdag,Temperate Humid Transitional,PVarea_3m2,PV area design,3 m²,32.0,65.0,200.0,2.0,250.0,3.0,4.0,124.43076923076922,263357.05755964556,1755.2307692307693,150.04127216563205
Tokat,Temperate Humid Transitional,Baseline,Baseline,baseline,32.0,65.0,200.0,2.0,250.0,1.0,150.0,6903.640384615385,79874.0324166702,16754.584134615383,4.767294238694262
Tokat,Temperate Humid Transitional,Tset_minus10pct,Tset,-10%,28.8,65.0,200.0,2.0,250.0,1.0,353.0,16994.884615384617,79874.0324166702,38996.00961538461,2.0482616863741487
Tokat,Temperate Humid Transitional,Tset_plus10pct,Tset,+10%,35.2,65.0,200.0,2.0,250.0,1.0,51.0,2125.8173076923067,79874.0324166702,6206.786057692306,12.86882320000047
Tokat,Temperate Humid Transitional,RHmax_minus10pct,RHmax,-10%,32.0,58.5,200.0,2.0,250.0,1.0,150.0,6696.836538461538,79874.0324166702,16323.742788461539,4.893120006346172
Tokat,Temperate Humid Transitional,RHmax_plus10pct,RHmax,+10%,32.0,71.5,200.0,2.0,250.0,1.0,150.0,7072.843531468532,79874.0324166702,17107.09069055944,4.6690599741047
Tokat,Temperate Humid Transitional,Gmin_minus10pct,Gmin,-10%,32.0,65.0,180.0,2.0,250.0,1.0,153.0,7031.301923076923,79874.0324166702,17038.545673076922,4.68784331416744
Tokat,Temperate Humid Transitional,Gmin_plus10pct,Gmin,+10%,32.0,65.0,220.00000000000003,2.0,250.0,1.0,147.0,6782.226923076923,79874.0324166702,16483.639423076922,4.845655159433262
Tokat,Temperate Humid Transitional,Flow_minus10pct,Water flow rate,-10%,32.0,65.0,200.0,1.8,250.0,1.0,150.0,6213.276346153845,79874.0324166702,16754.584134615383,4.767294238694262
Tokat,Temperate Humid Transitional,Flow_plus10pct,Water flow rate,+10%,32.0,65.0,200.0,2.2,250.0,1.0,150.0,7594.004423076924,79874.0324166702,16754.584134615383,4.767294238694262
Tokat,Temperate Humid Transitional,Pump_minus10pct,Pump power,-10%,32.0,65.0,200.0,2.0,225.0,1.0,150.0,6903.640384615385,79874.0324166702,15316.325721153848,5.214960420066918
Tokat,Temperate Humid Transitional,Pump_plus10pct,Pump power,+10%,32.0,65.0,200.0,2.0,275.0,1.0,150.0,6903.640384615385,79874.0324166702,18192.842548076922,4.390409701265364
Tokat,Temperate Humid Transitional,PVarea_minus10pct,PV area,-10%,32.0,65.0,200.0,2.0,250.0,0.9,150.0,6903.640384615385,71886.62917500318,16754.584134615383,4.290564814824836
Tokat,Temperate Humid Transitional,PVarea_plus10pct,PV area,+10%,32.0,65.0,200.0,2.0,250.0,1.1,150.0,6903.640384615385,87861.43565833723,16754.584134615383,5.244023662563689
Tokat,Temperate Humid Transitional,PVarea_2m2,PV area design,2 m²,32.0,65.0,200.0,2.0,250.0,2.0,150.0,6903.640384615385,159748.0648333404,16754.584134615383,9.534588477388525
Tokat,Temperate Humid Transitional,PVarea_3m2,PV area design,3 m²,32.0,65.0,200.0,2.0,250.0,3.0,150.0,6903.640384615385,239622.0972500106,16754.584134615383,14.301882716082787
Usak,Semi-Arid Plateau,Baseline,Baseline,baseline,32.0,65.0,200.0,2.0,250.0,1.0,197.0,8126.907692307694,91544.2599947378,19585.057692307695,4.674188936941099
Usak,Semi-Arid Plateau,Tset_minus10pct,Tset,-10%,28.8,65.0,200.0,2.0,250.0,1.0,399.0,20936.492307692308,91544.2599947378,47483.692307692305,1.9279094684030655
Usak,Semi-Arid Plateau,Tset_plus10pct,Tset,+10%,35.2,65.0,200.0,2.0,250.0,1.0,25.0,985.9557692307687,91544.2599947378,3676.0745192307686,24.902721507912673
Usak,Semi-Arid Plateau,RHmax_minus10pct,RHmax,-10%,32.0,58.5,200.0,2.0,250.0,1.0,197.0,8038.4807692307695,91544.2599947378,19400.834935897437,4.718573210751519
Usak,Semi-Arid Plateau,RHmax_plus10pct,RHmax,+10%,32.0,71.5,200.0,2.0,250.0,1.0,197.0,8199.256993006995,91544.2599947378,19735.785402097903,4.6384908494701556
Usak,Semi-Arid Plateau,Gmin_minus10pct,Gmin,-10%,32.0,65.0,180.0,2.0,250.0,1.0,197.0,8126.907692307694,91544.2599947378,19585.057692307695,4.674188936941099
Usak,Semi-Arid Plateau,Gmin_plus10pct,Gmin,+10%,32.0,65.0,220.00000000000003,2.0,250.0,1.0,196.0,8096.907692307694,91544.2599947378,19516.557692307695,4.690594593472766
Usak,Semi-Arid Plateau,Flow_minus10pct,Water flow rate,-10%,32.0,65.0,200.0,1.8,250.0,1.0,197.0,7314.216923076924,91544.2599947378,19585.057692307695,4.674188936941099
Usak,Semi-Arid Plateau,Flow_plus10pct,Water flow rate,+10%,32.0,65.0,200.0,2.2,250.0,1.0,197.0,8939.598461538462,91544.2599947378,19585.057692307695,4.674188936941099
Usak,Semi-Arid Plateau,Pump_minus10pct,Pump power,-10%,32.0,65.0,200.0,2.0,225.0,1.0,197.0,8126.907692307694,91544.2599947378,17891.951923076922,5.1165049173122705
Usak,Semi-Arid Plateau,Pump_plus10pct,Pump power,+10%,32.0,65.0,200.0,2.0,275.0,1.0,197.0,8126.907692307694,91544.2599947378,21278.163461538465,4.302263217415801
Usak,Semi-Arid Plateau,PVarea_minus10pct,PV area,-10%,32.0,65.0,200.0,2.0,250.0,0.9,197.0,8126.907692307694,82389.83399526402,19585.057692307695,4.20677004324699
Usak,Semi-Arid Plateau,PVarea_plus10pct,PV area,+10%,32.0,65.0,200.0,2.0,250.0,1.1,197.0,8126.907692307694,100698.6859942116,19585.057692307695,5.14160783063521
Usak,Semi-Arid Plateau,PVarea_2m2,PV area design,2 m²,32.0,65.0,200.0,2.0,250.0,2.0,197.0,8126.907692307694,183088.5199894756,19585.057692307695,9.348377873882198
Usak,Semi-Arid Plateau,PVarea_3m2,PV area design,3 m²,32.0,65.0,200.0,2.0,250.0,3.0,197.0,8126.907692307694,274632.7799842134,19585.057692307695,14.022566810823298
Van.Feritmelen.AP,Semi-Arid Plateau,Baseline,Baseline,baseline,32.0,65.0,200.0,2.0,250.0,1.0,0.0,0.0,94347.37627317941,1472.0,64.09468496819254
Van.Feritmelen.AP,Semi-Arid Plateau,Tset_minus10pct,Tset,-10%,28.8,65.0,200.0,2.0,250.0,1.0,37.0,1299.675,94347.37627317941,4401.65625,21.434517125952173
Van.Feritmelen.AP,Semi-Arid Plateau,Tset_plus10pct,Tset,+10%,35.2,65.0,200.0,2.0,250.0,1.0,0.0,0.0,94347.37627317941,1472.0,64.09468496819254
Van.Feritmelen.AP,Semi-Arid Plateau,RHmax_minus10pct,RHmax,-10%,32.0,58.5,200.0,2.0,250.0,1.0,0.0,0.0,94347.37627317941,1472.0,64.09468496819254
Van.Feritmelen.AP,Semi-Arid Plateau,RHmax_plus10pct,RHmax,+10%,32.0,71.5,200.0,2.0,250.0,1.0,0.0,0.0,94347.37627317941,1472.0,64.09468496819254
Van.Feritmelen.AP,Semi-Arid Plateau,Gmin_minus10pct,Gmin,-10%,32.0,65.0,180.0,2.0,250.0,1.0,0.0,0.0,94347.37627317941,1472.0,64.09468496819254
Van.Feritmelen.AP,Semi-Arid Plateau,Gmin_plus10pct,Gmin,+10%,32.0,65.0,220.00000000000003,2.0,250.0,1.0,0.0,0.0,94347.37627317941,1472.0,64.09468496819254
Van.Feritmelen.AP,Semi-Arid Plateau,Flow_minus10pct,Water flow rate,-10%,32.0,65.0,200.0,1.8,250.0,1.0,0.0,0.0,94347.37627317941,1472.0,64.09468496819254
Van.Feritmelen.AP,Semi-Arid Plateau,Flow_plus10pct,Water flow rate,+10%,32.0,65.0,200.0,2.2,250.0,1.0,0.0,0.0,94347.37627317941,1472.0,64.09468496819254
Van.Feritmelen.AP,Semi-Arid Plateau,Pump_minus10pct,Pump power,-10%,32.0,65.0,200.0,2.0,225.0,1.0,0.0,0.0,94347.37627317941,1472.0,64.09468496819254
Van.Feritmelen.AP,Semi-Arid Plateau,Pump_plus10pct,Pump power,+10%,32.0,65.0,200.0,2.0,275.0,1.0,0.0,0.0,94347.37627317941,1472.0,64.09468496819254
Van.Feritmelen.AP,Semi-Arid Plateau,PVarea_minus10pct,PV area,-10%,32.0,65.0,200.0,2.0,250.0,0.9,0.0,0.0,84912.63864586147,1472.0,57.68521647137328
Van.Feritmelen.AP,Semi-Arid Plateau,PVarea_plus10pct,PV area,+10%,32.0,65.0,200.0,2.0,250.0,1.1,0.0,0.0,103782.11390049737,1472.0,70.5041534650118
Van.Feritmelen.AP,Semi-Arid Plateau,PVarea_2m2,PV area design,2 m²,32.0,65.0,200.0,2.0,250.0,2.0,0.0,0.0,188694.75254635882,1472.0,128.18936993638508
Van.Feritmelen.AP,Semi-Arid Plateau,PVarea_3m2,PV area design,3 m²,32.0,65.0,200.0,2.0,250.0,3.0,0.0,0.0,283042.1288195382,1472.0,192.2840549045776
Yalova,Temperate Humid Transitional,Baseline,Baseline,baseline,32.0,65.0,200.0,2.0,250.0,1.0,36.0,1207.1596153846153,83938.73041029756,4202.915865384615,19.971546683011272
Yalova,Temperate Humid Transitional,Tset_minus10pct,Tset,-10%,28.8,65.0,200.0,2.0,250.0,1.0,200.0,6911.717307692307,83938.73041029756,17071.41105769231,4.916918122739193
Yalova,Temperate Humid Transitional,Tset_plus10pct,Tset,+10%,35.2,65.0,200.0,2.0,250.0,1.0,0.0,0.0,83938.73041029756,1472.0,57.023594028734756
Yalova,Temperate Humid Transitional,RHmax_minus10pct,RHmax,-10%,32.0,58.5,200.0,2.0,250.0,1.0,36.0,1175.2884615384617,83938.73041029756,4136.517628205128,20.29212442803473
Yalova,Temperate Humid Transitional,RHmax_plus10pct,RHmax,+10%,32.0,71.5,200.0,2.0,250.0,1.0,36.0,1233.2360139860139,83938.73041029756,4257.241695804196,19.716693673517515
Yalova,Temperate Humid Transitional,Gmin_minus10pct,Gmin,-10%,32.0,65.0,180.0,2.0,250.0,1.0,36.0,1207.1596153846153,83938.73041029756,4202.915865384615,19.971546683011272
Yalova,Temperate Humid Transitional,Gmin_plus10pct,Gmin,+10%,32.0,65.0,220.00000000000003,2.0,250.0,1.0,36.0,1207.1596153846153,83938.73041029756,4202.915865384615,19.971546683011272
Yalova,Temperate Humid Transitional,Flow_minus10pct,Water flow rate,-10%,32.0,65.0,200.0,1.8,250.0,1.0,36.0,1086.4436538461537,83938.73041029756,4202.915865384615,19.971546683011272
Yalova,Temperate Humid Transitional,Flow_plus10pct,Water flow rate,+10%,32.0,65.0,200.0,2.2,250.0,1.0,36.0,1327.8755769230768,83938.73041029756,4202.915865384615,19.971546683011272
Yalova,Temperate Humid Transitional,Pump_minus10pct,Pump power,-10%,32.0,65.0,200.0,2.0,225.0,1.0,36.0,1207.1596153846153,83938.73041029756,3951.424278846154,21.242651886222735
Yalova,Temperate Humid Transitional,Pump_plus10pct,Pump power,+10%,32.0,65.0,200.0,2.0,275.0,1.0,36.0,1207.1596153846153,83938.73041029756,4454.407451923076,18.84397224911681
Yalova,Temperate Humid Transitional,PVarea_minus10pct,PV area,-10%,32.0,65.0,200.0,2.0,250.0,0.9,36.0,1207.1596153846153,75544.8573692678,4202.915865384615,17.974392014710144
Yalova,Temperate Humid Transitional,PVarea_plus10pct,PV area,+10%,32.0,65.0,200.0,2.0,250.0,1.1,36.0,1207.1596153846153,92332.60345132732,4202.915865384615,21.9687013513124
Yalova,Temperate Humid Transitional,PVarea_2m2,PV area design,2 m²,32.0,65.0,200.0,2.0,250.0,2.0,36.0,1207.1596153846153,167877.46082059512,4202.915865384615,39.943093366022545
Yalova,Temperate Humid Transitional,PVarea_3m2,PV area design,3 m²,32.0,65.0,200.0,2.0,250.0,3.0,36.0,1207.1596153846153,251816.19123089267,4202.915865384615,59.914640049033814
Yozgat,Semi-Arid Plateau,Baseline,Baseline,baseline,32.0,65.0,200.0,2.0,250.0,1.0,31.0,1455.651923076923,88257.37475370348,4690.608173076923,18.81576364879116
Yozgat,Semi-Arid Plateau,Tset_minus10pct,Tset,-10%,28.8,65.0,200.0,2.0,250.0,1.0,145.0,6617.532692307691,88257.37475370348,16128.526442307691,5.472128843847156
Yozgat,Semi-Arid Plateau,Tset_plus10pct,Tset,+10%,35.2,65.0,200.0,2.0,250.0,1.0,5.0,166.32115384615375,88257.37475370348,1848.5024038461538,47.74533945428881
Yozgat,Semi-Arid Plateau,RHmax_minus10pct,RHmax,-10%,32.0,58.5,200.0,2.0,250.0,1.0,31.0,1440.1826923076922,88257.37475370348,4658.380608974359,18.945934684614617
Yozgat,Semi-Arid Plateau,RHmax_plus10pct,RHmax,+10%,32.0,71.5,200.0,2.0,250.0,1.0,31.0,1468.3085664335663,88257.37475370348,4716.97618006993,18.710583090626304
Yozgat,Semi-Arid Plateau,Gmin_minus10pct,Gmin,-10%,32.0,65.0,180.0,2.0,250.0,1.0,31.0,1455.651923076923,88257.37475370348,4690.608173076923,18.81576364879116
Yozgat,Semi-Arid Plateau,Gmin_plus10pct,Gmin,+10%,32.0,65.0,220.00000000000003,2.0,250.0,1.0,31.0,1455.651923076923,88257.37475370348,4690.608173076923,18.81576364879116
Yozgat,Semi-Arid Plateau,Flow_minus10pct,Water flow rate,-10%,32.0,65.0,200.0,1.8,250.0,1.0,31.0,1310.0867307692306,88257.37475370348,4690.608173076923,18.81576364879116
Yozgat,Semi-Arid Plateau,Flow_plus10pct,Water flow rate,+10%,32.0,65.0,200.0,2.2,250.0,1.0,31.0,1601.2171153846152,88257.37475370348,4690.608173076923,18.81576364879116
Yozgat,Semi-Arid Plateau,Pump_minus10pct,Pump power,-10%,32.0,65.0,200.0,2.0,225.0,1.0,31.0,1455.651923076923,88257.37475370348,4387.3473557692305,20.116340831242294
Yozgat,Semi-Arid Plateau,Pump_plus10pct,Pump power,+10%,32.0,65.0,200.0,2.0,275.0,1.0,31.0,1455.651923076923,88257.37475370348,4993.868990384615,17.673145796102695
Yozgat,Semi-Arid Plateau,PVarea_minus10pct,PV area,-10%,32.0,65.0,200.0,2.0,250.0,0.9,31.0,1455.651923076923,79431.63727833313,4690.608173076923,16.934187283912046
Yozgat,Semi-Arid Plateau,PVarea_plus10pct,PV area,+10%,32.0,65.0,200.0,2.0,250.0,1.1,31.0,1455.651923076923,97083.11222907384,4690.608173076923,20.697340013670278
Yozgat,Semi-Arid Plateau,PVarea_2m2,PV area design,2 m²,32.0,65.0,200.0,2.0,250.0,2.0,31.0,1455.651923076923,176514.74950740696,4690.608173076923,37.63152729758232
Yozgat,Semi-Arid Plateau,PVarea_3m2,PV area design,3 m²,32.0,65.0,200.0,2.0,250.0,3.0,31.0,1455.651923076923,264772.12426111044,4690.608173076923,56.44729094637348
Zonguldak,Temperate Humid Transitional,Baseline,Baseline,baseline,32.0,65.0,200.0,2.0,250.0,1.0,0.0,0.0,86656.01329849158,1472.0,58.869574251692654
Zonguldak,Temperate Humid Transitional,Tset_minus10pct,Tset,-10%,28.8,65.0,200.0,2.0,250.0,1.0,2.0,60.86538461538461,86656.01329849158,1610.8028846153845,53.79678303666724
Zonguldak,Temperate Humid Transitional,Tset_plus10pct,Tset,+10%,35.2,65.0,200.0,2.0,250.0,1.0,0.0,0.0,86656.01329849158,1472.0,58.869574251692654
Zonguldak,Temperate Humid Transitional,RHmax_minus10pct,RHmax,-10%,32.0,58.5,200.0,2.0,250.0,1.0,0.0,0.0,86656.01329849158,1472.0,58.869574251692654
Zonguldak,Temperate Humid Transitional,RHmax_plus10pct,RHmax,+10%,32.0,71.5,200.0,2.0,250.0,1.0,0.0,0.0,86656.01329849158,1472.0,58.869574251692654
Zonguldak,Temperate Humid Transitional,Gmin_minus10pct,Gmin,-10%,32.0,65.0,180.0,2.0,250.0,1.0,0.0,0.0,86656.01329849158,1472.0,58.869574251692654
Zonguldak,Temperate Humid Transitional,Gmin_plus10pct,Gmin,+10%,32.0,65.0,220.00000000000003,2.0,250.0,1.0,0.0,0.0,86656.01329849158,1472.0,58.869574251692654
Zonguldak,Temperate Humid Transitional,Flow_minus10pct,Water flow rate,-10%,32.0,65.0,200.0,1.8,250.0,1.0,0.0,0.0,86656.01329849158,1472.0,58.869574251692654
Zonguldak,Temperate Humid Transitional,Flow_plus10pct,Water flow rate,+10%,32.0,65.0,200.0,2.2,250.0,1.0,0.0,0.0,86656.01329849158,1472.0,58.869574251692654
Zonguldak,Temperate Humid Transitional,Pump_minus10pct,Pump power,-10%,32.0,65.0,200.0,2.0,225.0,1.0,0.0,0.0,86656.01329849158,1472.0,58.869574251692654
Zonguldak,Temperate Humid Transitional,Pump_plus10pct,Pump power,+10%,32.0,65.0,200.0,2.0,275.0,1.0,0.0,0.0,86656.01329849158,1472.0,58.869574251692654
Zonguldak,Temperate Humid Transitional,PVarea_minus10pct,PV area,-10%,32.0,65.0,200.0,2.0,250.0,0.9,0.0,0.0,77990.41196864242,1472.0,52.98261682652338
Zonguldak,Temperate Humid Transitional,PVarea_plus10pct,PV area,+10%,32.0,65.0,200.0,2.0,250.0,1.1,0.0,0.0,95321.61462834074,1472.0,64.75653167686191
Zonguldak,Temperate Humid Transitional,PVarea_2m2,PV area design,2 m²,32.0,65.0,200.0,2.0,250.0,2.0,0.0,0.0,173312.02659698317,1472.0,117.73914850338531
Zonguldak,Temperate Humid Transitional,PVarea_3m2,PV area design,3 m²,32.0,65.0,200.0,2.0,250.0,3.0,0.0,0.0,259968.03989547474,1472.0,176.60872275507793
